sa2_code21,poi_count,mean_income,total_businesses,total_people,z_poi,z_income,z_business,z_population,final_score
119011354,64,55796,6,23966,3.353293361984612,-0.6553284528696403,-0.7034077413135358,1.9643854670515746,1.0615850178820994
119011354,64,55796,3,23966,3.353293361984612,-0.6553284528696403,-0.7300860478384105,1.9643854670515746,1.0562493565771245
119011354,64,55796,74,23966,3.353293361984612,-0.6553284528696403,-0.09869946008304113,1.9643854670515746,1.1825266741281983
119011354,64,55796,4,23966,3.353293361984612,-0.6553284528696403,-0.7211932789967855,1.9643854670515746,1.0580279103454493
119011354,64,55796,693,23966,3.353293361984612,-0.6553284528696403,5.405924452882784,1.9643854670515746,2.2834514567213633
119011354,64,55796,74,23966,3.353293361984612,-0.6553284528696403,-0.09869946008304113,1.9643854670515746,1.1825266741281983
119011354,64,55796,126,23966,3.353293361984612,-0.6553284528696403,0.36372451968145475,1.9643854670515746,1.2750114700810975
119011354,64,55796,114,23966,3.353293361984612,-0.6553284528696403,0.2570112935819557,1.9643854670515746,1.2536688248611978
119011354,64,55796,289,23966,3.353293361984612,-0.6553284528696403,1.8132458408663166,1.9643854670515746,1.56491573431807
119011354,64,55796,6,23966,3.353293361984612,-0.6553284528696403,-0.7034077413135358,1.9643854670515746,1.0615850178820994
119011354,64,55796,63,23966,3.353293361984612,-0.6553284528696403,-0.19651991734091526,1.9643854670515746,1.1629625826766234
119011354,64,55796,140,23966,3.353293361984612,-0.6553284528696403,0.48822328346420363,1.9643854670515746,1.2999112228376473
119011354,64,55796,156,23966,3.353293361984612,-0.6553284528696403,0.6305075849302023,1.9643854670515746,1.3283680831308469
119011354,64,55796,93,23966,3.353293361984612,-0.6553284528696403,0.07026314790783235,1.9643854670515746,1.216319195726373
119011354,64,55796,14,23966,3.353293361984612,-0.6553284528696403,-0.6322655905805363,1.9643854670515746,1.0758134480286992
119011354,64,55796,25,23966,3.353293361984612,-0.6553284528696403,-0.5344451333226622,1.9643854670515746,1.095377539480274
119011354,64,55796,146,23966,3.353293361984612,-0.6553284528696403,0.5415798965139531,1.9643854670515746,1.3105825454475972
119011354,64,55796,20,23966,3.353293361984612,-0.6553284528696403,-0.5789089775307869,1.9643854670515746,1.0864847706386491
119011354,64,55796,128,23966,3.353293361984612,-0.6553284528696403,0.38151005736470456,1.9643854670515746,1.2785685776177473
119011355,1,67561,3,1480,-1.3311613454281803,0.586783319478662,-0.7300860478384105,-2.8595931065379787,-0.9412492386601333
119011355,1,67561,0,1480,-1.3311613454281803,0.586783319478662,-0.7567643543632853,-2.8595931065379787,-0.9465848999651083
119011355,1,67561,51,1480,-1.3311613454281803,0.586783319478662,-0.3032331434404143,-2.8595931065379787,-0.8558786577805341
119011355,1,67561,0,1480,-1.3311613454281803,0.586783319478662,-0.7567643543632853,-2.8595931065379787,-0.9465848999651083
119011355,1,67561,124,1480,-1.3311613454281803,0.586783319478662,0.3459389819982049,-2.8595931065379787,-0.7260442326928103
119011355,1,67561,76,1480,-1.3311613454281803,0.586783319478662,-0.0809139223997913,-2.8595931065379787,-0.8114148135724095
119011355,1,67561,71,1480,-1.3311613454281803,0.586783319478662,-0.12537776660791589,-2.8595931065379787,-0.8203075824140345
119011355,1,67561,24,1480,-1.3311613454281803,0.586783319478662,-0.5433379021642871,-2.8595931065379787,-0.9038996095253087
119011355,1,67561,65,1480,-1.3311613454281803,0.586783319478662,-0.17873437965766542,-2.8595931065379787,-0.8309789050239843
119011355,1,67561,3,1480,-1.3311613454281803,0.586783319478662,-0.7300860478384105,-2.8595931065379787,-0.9412492386601333
119011355,1,67561,24,1480,-1.3311613454281803,0.586783319478662,-0.5433379021642871,-2.8595931065379787,-0.9038996095253087
119011355,1,67561,87,1480,-1.3311613454281803,0.586783319478662,0.016906534858082828,-2.8595931065379787,-0.7918507221208346
119011355,1,67561,73,1480,-1.3311613454281803,0.586783319478662,-0.10759222892466606,-2.8595931065379787,-0.8167504748773844
119011355,1,67561,39,1480,-1.3311613454281803,0.586783319478662,-0.40994636953991337,-2.8595931065379787,-0.8772213030004339
119011355,1,67561,6,1480,-1.3311613454281803,0.586783319478662,-0.7034077413135358,-2.8595931065379787,-0.9359135773551583
119011355,1,67561,5,1480,-1.3311613454281803,0.586783319478662,-0.7123005101551606,-2.8595931065379787,-0.9376921311234834
119011355,1,67561,21,1480,-1.3311613454281803,0.586783319478662,-0.5700162086891619,-2.8595931065379787,-0.9092352708302835
119011355,1,67561,4,1480,-1.3311613454281803,0.586783319478662,-0.7211932789967855,-2.8595931065379787,-0.9394706848918083
119011355,1,67561,52,1480,-1.3311613454281803,0.586783319478662,-0.29434037459878937,-2.8595931065379787,-0.8541001040122091
119011356,14,56215,11,12795,-0.3645278343747469,-0.6110917480150768,-0.6589438971054111,-0.4321574772501642,-0.5109061495880621
119011356,14,56215,0,12795,-0.3645278343747469,-0.6110917480150768,-0.7567643543632853,-0.4321574772501642,-0.530470241039637
119011356,14,56215,328,12795,-0.3645278343747469,-0.6110917480150768,2.1600638256896887,-0.4321574772501642,0.05289539497095777
119011356,14,56215,14,12795,-0.3645278343747469,-0.6110917480150768,-0.6322655905805363,-0.4321574772501642,-0.5055704882830873
119011356,14,56215,630,12795,-0.3645278343747469,-0.6110917480150768,4.845680015860415,-0.4321574772501642,0.590018633005103
119011356,14,56215,280,12795,-0.3645278343747469,-0.6110917480150768,1.7332109212916924,-0.4321574772501642,-0.032475185908641485
119011356,14,56215,198,12795,-0.3645278343747469,-0.6110917480150768,1.0040038762784491,-0.4321574772501642,-0.17831659491129012
119011356,14,56215,59,12795,-0.3645278343747469,-0.6110917480150768,-0.23209099270741496,-0.4321574772501642,-0.425535568708463
119011356,14,56215,267,12795,-0.3645278343747469,-0.6110917480150768,1.6176049263505683,-0.4321574772501642,-0.055596384896866274
119011356,14,56215,14,12795,-0.3645278343747469,-0.6110917480150768,-0.6322655905805363,-0.4321574772501642,-0.5055704882830873
119011356,14,56215,85,12795,-0.3645278343747469,-0.6110917480150768,-0.000879002825167012,-0.4321574772501642,-0.3792931707320134
119011356,14,56215,327,12795,-0.3645278343747469,-0.6110917480150768,2.1511710568480638,-0.4321574772501642,0.051116841202632796
119011356,14,56215,186,12795,-0.3645278343747469,-0.6110917480150768,0.8972906501789499,-0.4321574772501642,-0.19965924013118996
119011356,14,56215,88,12795,-0.3645278343747469,-0.6110917480150768,0.02579930369970775,-0.4321574772501642,-0.3739575094270384
119011356,14,56215,21,12795,-0.3645278343747469,-0.6110917480150768,-0.5700162086891619,-0.4321574772501642,-0.4931206119048124
119011356,14,56215,24,12795,-0.3645278343747469,-0.6110917480150768,-0.5433379021642871,-0.4321574772501642,-0.4877849505998374
119011356,14,56215,70,12795,-0.3645278343747469,-0.6110917480150768,-0.13427053544954082,-0.4321574772501642,-0.4059714772568881
119011356,14,56215,18,12795,-0.3645278343747469,-0.6110917480150768,-0.5966945152140367,-0.4321574772501642,-0.49845627320978736
119011356,14,56215,162,12795,-0.3645278343747469,-0.6110917480150768,0.6838641979799519,-0.4321574772501642,-0.2423445305709896
119011358,13,64516,6,17214,-0.43888425830193406,0.26530177703917374,-0.7034077413135358,0.5158617932600303,-0.08958393398952919
119011358,13,64516,3,17214,-0.43888425830193406,0.26530177703917374,-0.7300860478384105,0.5158617932600303,-0.09491959529450411
119011358,13,64516,91,17214,-0.43888425830193406,0.26530177703917374,0.05247761022458251,0.5158617932600303,0.06159313631809448
119011358,13,64516,3,17214,-0.43888425830193406,0.26530177703917374,-0.7300860478384105,0.5158617932600303,-0.09491959529450411
119011358,13,64516,418,17214,-0.43888425830193406,0.26530177703917374,2.960413021435931,0.5158617932600303,0.6431802185603643
119011358,13,64516,90,17214,-0.43888425830193406,0.26530177703917374,0.04358484138295759,0.5158617932600303,0.0598145825497695
119011358,13,64516,121,17214,-0.43888425830193406,0.26530177703917374,0.31926067547333015,0.5158617932600303,0.11494974936784401
119011358,13,64516,49,17214,-0.43888425830193406,0.26530177703917374,-0.32101868112366416,0.5158617932600303,-0.013106121951554861
119011358,13,64516,178,17214,-0.43888425830193406,0.26530177703917374,0.8261484994459506,0.5158617932600303,0.2163273141623681
119011358,13,64516,7,17214,-0.43888425830193406,0.26530177703917374,-0.6945149724719109,0.5158617932600303,-0.08780538022120421
119011358,13,64516,50,17214,-0.43888425830193406,0.26530177703917374,-0.31212591228203923,0.5158617932600303,-0.011327568183229872
119011358,13,64516,178,17214,-0.43888425830193406,0.26530177703917374,0.8261484994459506,0.5158617932600303,0.2163273141623681
119011358,13,64516,187,17214,-0.43888425830193406,0.26530177703917374,0.9061834190205749,0.5158617932600303,0.23233429807729294
119011358,13,64516,96,17214,-0.43888425830193406,0.26530177703917374,0.09694145443270712,0.5158617932600303,0.0704859051597194
119011358,13,64516,15,17214,-0.43888425830193406,0.26530177703917374,-0.6233728217389114,0.5158617932600303,-0.0735769500746043
119011358,13,64516,28,17214,-0.43888425830193406,0.26530177703917374,-0.5077668267977875,0.5158617932600303,-0.05045575108637951
119011358,13,64516,81,17214,-0.43888425830193406,0.26530177703917374,-0.03645007819166669,0.5158617932600303,0.04380759863484464
119011358,13,64516,17,17214,-0.43888425830193406,0.26530177703917374,-0.6055872840556616,0.5158617932600303,-0.07001984253795435
119011358,13,64516,90,17214,-0.43888425830193406,0.26530177703917374,0.04358484138295759,0.5158617932600303,0.0598145825497695
119011360,8,63369,0,17710,-0.81066637793787,0.1442051172105717,-0.7567643543632853,0.6222699304342907,-0.22683726300398838
119011360,8,63369,0,17710,-0.81066637793787,0.1442051172105717,-0.7567643543632853,0.6222699304342907,-0.22683726300398838
119011360,8,63369,41,17710,-0.81066637793787,0.1442051172105717,-0.3921608318566635,0.6222699304342907,-0.15391655850266406
119011360,8,63369,8,17710,-0.81066637793787,0.1442051172105717,-0.6856222036302859,0.6222699304342907,-0.21260883285738857
119011360,8,63369,365,17710,-0.81066637793787,0.1442051172105717,2.4890962728298107,0.6222699304342907,0.4223348624346308
119011360,8,63369,43,17710,-0.81066637793787,0.1442051172105717,-0.3743752941734137,0.6222699304342907,-0.1503594509660141
119011360,8,63369,91,17710,-0.81066637793787,0.1442051172105717,0.05247761022458251,0.6222699304342907,-0.06498887008641485
119011360,8,63369,58,17710,-0.81066637793787,0.1442051172105717,-0.24098376154903986,0.6222699304342907,-0.12368114444113931
119011360,8,63369,196,17710,-0.81066637793787,0.1442051172105717,0.9862183385951991,0.6222699304342907,0.1217592755877085
119011360,8,63369,10,17710,-0.81066637793787,0.1442051172105717,-0.6678366659470361,0.6222699304342907,-0.20905172532073857
119011360,8,63369,43,17710,-0.81066637793787,0.1442051172105717,-0.3743752941734137,0.6222699304342907,-0.1503594509660141
119011360,8,63369,101,17710,-0.81066637793787,0.1442051172105717,0.1414052986408317,0.6222699304342907,-0.04720333240316499
119011360,8,63369,139,17710,-0.81066637793787,0.1442051172105717,0.4793305146225787,0.6222699304342907,0.020381710793184404
119011360,8,63369,69,17710,-0.81066637793787,0.1442051172105717,-0.14316330429116575,0.6222699304342907,-0.1041170529895645
119011360,8,63369,5,17710,-0.81066637793787,0.1442051172105717,-0.7123005101551606,0.6222699304342907,-0.21794449416236344
119011360,8,63369,25,17710,-0.81066637793787,0.1442051172105717,-0.5344451333226622,0.6222699304342907,-0.18237341879586377
119011360,8,63369,101,17710,-0.81066637793787,0.1442051172105717,0.1414052986408317,0.6222699304342907,-0.04720333240316499
119011360,8,63369,14,17710,-0.81066637793787,0.1442051172105717,-0.6322655905805363,0.6222699304342907,-0.2019375102474386
119011360,8,63369,70,17710,-0.81066637793787,0.1442051172105717,-0.13427053544954082,0.6222699304342907,-0.1023384992212395
119011361,15,53767,3,22580,-0.29017141044755973,-0.8695439043014044,-0.7300860478384105,1.667043374060597,-0.16052312918025186
119011361,15,53767,0,22580,-0.29017141044755973,-0.8695439043014044,-0.7567643543632853,1.667043374060597,-0.16585879048522678
119011361,15,53767,60,22580,-0.29017141044755973,-0.8695439043014044,-0.22319822386579002,1.667043374060597,-0.05914556438572777
119011361,15,53767,6,22580,-0.29017141044755973,-0.8695439043014044,-0.7034077413135358,1.667043374060597,-0.15518746787527693
119011361,15,53767,542,22580,-0.29017141044755973,-0.8695439043014044,4.063116357797422,1.667043374060597,0.7981173519469147
119011361,15,53767,58,22580,-0.29017141044755973,-0.8695439043014044,-0.24098376154903986,1.667043374060597,-0.06270267192237772
119011361,15,53767,138,22580,-0.29017141044755973,-0.8695439043014044,0.47043774578095376,1.667043374060597,0.07958162954362102
119011361,15,53767,61,22580,-0.29017141044755973,-0.8695439043014044,-0.2143054550241651,1.667043374060597,-0.05736701061740279
119011361,15,53767,348,22580,-0.29017141044755973,-0.8695439043014044,2.337919202522187,1.667043374060597,0.45307792089186766
119011361,15,53767,13,22580,-0.29017141044755973,-0.8695439043014044,-0.6411583594221613,1.667043374060597,-0.14273759149700205
119011361,15,53767,44,22580,-0.29017141044755973,-0.8695439043014044,-0.36548252533178877,1.667043374060597,-0.08760242467892754
119011361,15,53767,99,22580,-0.29017141044755973,-0.8695439043014044,0.12361976095758187,1.667043374060597,0.010218032578946601
119011361,15,53767,156,22580,-0.29017141044755973,-0.8695439043014044,0.6305075849302023,1.667043374060597,0.11159559737347072
119011361,15,53767,108,22580,-0.29017141044755973,-0.8695439043014044,0.20365468053220617,1.667043374060597,0.02622501649387149
119011361,15,53767,14,22580,-0.29017141044755973,-0.8695439043014044,-0.6322655905805363,1.667043374060597,-0.14095903772867702
119011361,15,53767,27,22580,-0.29017141044755973,-0.8695439043014044,-0.5166595956394124,1.667043374060597,-0.11783783874045223
119011361,15,53767,126,22580,-0.29017141044755973,-0.8695439043014044,0.36372451968145475,1.667043374060597,0.05823898432372121
119011361,15,53767,10,22580,-0.29017141044755973,-0.8695439043014044,-0.6678366659470361,1.667043374060597,-0.14807325280197697
119011361,15,53767,106,22580,-0.29017141044755973,-0.8695439043014044,0.1858691428489563,1.667043374060597,0.022667908957221483
119011571,6,51688,4,17050,-0.9593792257922443,-1.0890381987945723,-0.7211932789967855,0.4806784575814443,-0.6626281916591132
119011571,6,51688,3,17050,-0.9593792257922443,-1.0890381987945723,-0.7300860478384105,0.4806784575814443,-0.6644067454274382
119011571,6,51688,53,17050,-0.9593792257922443,-1.0890381987945723,-0.2854476057571645,0.4806784575814443,-0.5754790570111891
119011571,6,51688,7,17050,-0.9593792257922443,-1.0890381987945723,-0.6945149724719109,0.4806784575814443,-0.6572925303541383
119011571,6,51688,385,17050,-0.9593792257922443,-1.0890381987945723,2.666951649662309,0.4806784575814443,0.015000794072705714
119011571,6,51688,59,17050,-0.9593792257922443,-1.0890381987945723,-0.23209099270741496,0.4806784575814443,-0.5648077344012391
119011571,6,51688,158,17050,-0.9593792257922443,-1.0890381987945723,0.6482931226134522,0.4806784575814443,-0.38873091133706567
119011571,6,51688,91,17050,-0.9593792257922443,-1.0890381987945723,0.05247761022458251,0.4806784575814443,-0.5078940138148396
119011571,6,51688,422,17050,-0.9593792257922443,-1.0890381987945723,2.995984096802431,0.4806784575814443,0.08080728350073008
119011571,6,51688,24,17050,-0.9593792257922443,-1.0890381987945723,-0.5433379021642871,0.4806784575814443,-0.6270571162926135
119011571,6,51688,81,17050,-0.9593792257922443,-1.0890381987945723,-0.03645007819166669,0.4806784575814443,-0.5256795514980894
119011571,6,51688,201,17050,-0.9593792257922443,-1.0890381987945723,1.0306821828033237,0.4806784575814443,-0.3122530992990914
119011571,6,51688,245,17050,-0.9593792257922443,-1.0890381987945723,1.4219640118348202,0.4806784575814443,-0.23399673349279204
119011571,6,51688,122,17050,-0.9593792257922443,-1.0890381987945723,0.328153444314955,0.4806784575814443,-0.45275884699676505
119011571,6,51688,39,17050,-0.9593792257922443,-1.0890381987945723,-0.40994636953991337,0.4806784575814443,-0.6003788097677388
119011571,6,51688,46,17050,-0.9593792257922443,-1.0890381987945723,-0.3476969876485389,0.4806784575814443,-0.5879289333894638
119011571,6,51688,223,17050,-0.9593792257922443,-1.0890381987945723,1.226323097319072,0.4806784575814443,-0.2731249163959417
119011571,6,51688,9,17050,-0.9593792257922443,-1.0890381987945723,-0.676729434788661,0.4806784575814443,-0.6537354228174883
119011571,6,51688,83,17050,-0.9593792257922443,-1.0890381987945723,-0.018664540508416854,0.4806784575814443,-0.5221224439614395
119011572,3,50007,4,18500,-1.1824484975738059,-1.2665129025189663,-0.7211932789967855,0.7917506327884554,-0.7205769492694977
119011572,3,50007,0,18500,-1.1824484975738059,-1.2665129025189663,-0.7567643543632853,0.7917506327884554,-0.7276911643427976
119011572,3,50007,174,18500,-1.1824484975738059,-1.2665129025189663,0.7905774240794509,0.7917506327884554,-0.4182228086542503
119011572,3,50007,12,18500,-1.1824484975738059,-1.2665129025189663,-0.6500511282637862,0.7917506327884554,-0.7063485191228978
119011572,3,50007,459,18500,-1.1824484975738059,-1.2665129025189663,3.325016543942553,0.7917506327884554,0.08866501531837012
119011572,3,50007,158,18500,-1.1824484975738059,-1.2665129025189663,0.6482931226134522,0.7917506327884554,-0.44667966894745004
119011572,3,50007,187,18500,-1.1824484975738059,-1.2665129025189663,0.9061834190205749,0.7917506327884554,-0.3951016096660256
119011572,3,50007,114,18500,-1.1824484975738059,-1.2665129025189663,0.2570112935819557,0.7917506327884554,-0.5249360347537494
119011572,3,50007,440,18500,-1.1824484975738059,-1.2665129025189663,3.1560539359516797,0.7917506327884554,0.054872493720195425
119011572,3,50007,19,18500,-1.1824484975738059,-1.2665129025189663,-0.5878017463724118,0.7917506327884554,-0.6938986427446229
119011572,3,50007,77,18500,-1.1824484975738059,-1.2665129025189663,-0.07202115355816638,0.7917506327884554,-0.5907425241817739
119011572,3,50007,260,18500,-1.1824484975738059,-1.2665129025189663,1.555355544459194,0.7917506327884554,-0.26526718457830173
119011572,3,50007,217,18500,-1.1824484975738059,-1.2665129025189663,1.1729664842693224,0.7917506327884554,-0.3417449966162761
119011572,3,50007,131,18500,-1.1824484975738059,-1.2665129025189663,0.40818836388957935,0.7917506327884554,-0.49470062069222465
119011572,3,50007,21,18500,-1.1824484975738059,-1.2665129025189663,-0.5700162086891619,0.7917506327884554,-0.6903415352079729
119011572,3,50007,46,18500,-1.1824484975738059,-1.2665129025189663,-0.3476969876485389,0.7917506327884554,-0.6458776909998484
119011572,3,50007,174,18500,-1.1824484975738059,-1.2665129025189663,0.7905774240794509,0.7917506327884554,-0.4182228086542503
119011572,3,50007,12,18500,-1.1824484975738059,-1.2665129025189663,-0.6500511282637862,0.7917506327884554,-0.7063485191228978
119011572,3,50007,180,18500,-1.1824484975738059,-1.2665129025189663,0.8439340371292005,0.7917506327884554,-0.40755148604430047
119011655,8,56502,4,14698,-0.81066637793787,-0.5807911888426193,-0.7211932789967855,-0.023902063857790305,-0.566456338605062
119011655,8,56502,0,14698,-0.81066637793787,-0.5807911888426193,-0.7567643543632853,-0.023902063857790305,-0.5735705536783618
119011655,8,56502,80,14698,-0.81066637793787,-0.5807911888426193,-0.04534284703329162,-0.023902063857790305,-0.43128625221236316
119011655,8,56502,7,14698,-0.81066637793787,-0.5807911888426193,-0.6945149724719109,-0.023902063857790305,-0.561120677300087
119011655,8,56502,492,14698,-0.81066637793787,-0.5807911888426193,3.6184779157161757,-0.023902063857790305,0.3014779003375304
119011655,8,56502,90,14698,-0.81066637793787,-0.5807911888426193,0.04358484138295759,-0.023902063857790305,-0.4135007145291133
119011655,8,56502,140,14698,-0.81066637793787,-0.5807911888426193,0.48822328346420363,-0.023902063857790305,-0.3245730261128641
119011655,8,56502,62,14698,-0.81066637793787,-0.5807911888426193,-0.2054126861825402,-0.023902063857790305,-0.46330022004221283
119011655,8,56502,336,14698,-0.81066637793787,-0.5807911888426193,2.2312059764226877,-0.023902063857790305,0.02402351247883271
119011655,8,56502,7,14698,-0.81066637793787,-0.5807911888426193,-0.6945149724719109,-0.023902063857790305,-0.561120677300087
119011655,8,56502,49,14698,-0.81066637793787,-0.5807911888426193,-0.32101868112366416,-0.023902063857790305,-0.4864214190304377
119011655,8,56502,149,14698,-0.81066637793787,-0.5807911888426193,0.5682582030388279,-0.023902063857790305,-0.30856604219793926
119011655,8,56502,146,14698,-0.81066637793787,-0.5807911888426193,0.5415798965139531,-0.023902063857790305,-0.3139017035029142
119011655,8,56502,104,14698,-0.81066637793787,-0.5807911888426193,0.16808360516570647,-0.023902063857790305,-0.38860096177256354
119011655,8,56502,21,14698,-0.81066637793787,-0.5807911888426193,-0.5700162086891619,-0.023902063857790305,-0.5362209245435372
119011655,8,56502,22,14698,-0.81066637793787,-0.5807911888426193,-0.561123439847537,-0.023902063857790305,-0.5344423707752122
119011655,8,56502,81,14698,-0.81066637793787,-0.5807911888426193,-0.03645007819166669,-0.023902063857790305,-0.42950769844403813
119011655,8,56502,9,14698,-0.81066637793787,-0.5807911888426193,-0.676729434788661,-0.023902063857790305,-0.557563569763437
119011655,8,56502,63,14698,-0.81066637793787,-0.5807911888426193,-0.19651991734091526,-0.023902063857790305,-0.46152166627388785
119011656,4,54796,4,13444,-1.1080920736466187,-0.7609053140977152,-0.7211932789967855,-0.29292586227819856,-0.763523044578297
119011656,4,54796,3,13444,-1.1080920736466187,-0.7609053140977152,-0.7300860478384105,-0.29292586227819856,-0.7653015983466218
119011656,4,54796,38,13444,-1.1080920736466187,-0.7609053140977152,-0.4188391383815383,-0.29292586227819856,-0.7030522164552475
119011656,4,54796,6,13444,-1.1080920736466187,-0.7609053140977152,-0.7034077413135358,-0.29292586227819856,-0.7599659370416469
119011656,4,54796,448,13444,-1.1080920736466187,-0.7609053140977152,3.227196086684679,-0.29292586227819856,0.026154828557996057
119011656,4,54796,61,13444,-1.1080920736466187,-0.7609053140977152,-0.2143054550241651,-0.29292586227819856,-0.6621454797837729
119011656,4,54796,130,13444,-1.1080920736466187,-0.7609053140977152,0.3992955950479544,-0.29292586227819856,-0.5394252697693489
119011656,4,54796,74,13444,-1.1080920736466187,-0.7609053140977152,-0.09869946008304113,-0.29292586227819856,-0.639024280795548
119011656,4,54796,285,13444,-1.1080920736466187,-0.7609053140977152,1.777674765499817,-0.29292586227819856,-0.2637494356789764
119011656,4,54796,8,13444,-1.1080920736466187,-0.7609053140977152,-0.6856222036302859,-0.29292586227819856,-0.7564088295049971
119011656,4,54796,34,13444,-1.1080920736466187,-0.7609053140977152,-0.45441021374803797,-0.29292586227819856,-0.7101664315285474
119011656,4,54796,128,13444,-1.1080920736466187,-0.7609053140977152,0.38151005736470456,-0.29292586227819856,-0.542982377305999
119011656,4,54796,114,13444,-1.1080920736466187,-0.7609053140977152,0.2570112935819557,-0.29292586227819856,-0.5678821300625487
119011656,4,54796,92,13444,-1.1080920736466187,-0.7609053140977152,0.06137037906620743,-0.29292586227819856,-0.6070103129656983
119011656,4,54796,26,13444,-1.1080920736466187,-0.7609053140977152,-0.5255523644810374,-0.29292586227819856,-0.7243948616751472
119011656,4,54796,20,13444,-1.1080920736466187,-0.7609053140977152,-0.5789089775307869,-0.29292586227819856,-0.7350661842850972
119011656,4,54796,109,13444,-1.1080920736466187,-0.7609053140977152,0.21254744937383108,-0.29292586227819856,-0.5767748989041737
119011656,4,54796,6,13444,-1.1080920736466187,-0.7609053140977152,-0.7034077413135358,-0.29292586227819856,-0.7599659370416469
119011656,4,54796,67,13444,-1.1080920736466187,-0.7609053140977152,-0.16094884197441559,-0.29292586227819856,-0.651474157173823
119011657,37,67642,3,11369,1.3456699159505583,0.5953350452381362,-0.7300860478384105,-0.7380808716261628,0.2886681044636937
119011657,37,67642,0,11369,1.3456699159505583,0.5953350452381362,-0.7567643543632853,-0.7380808716261628,0.28333244315871875
119011657,37,67642,22,11369,1.3456699159505583,0.5953350452381362,-0.561123439847537,-0.7380808716261628,0.32246062606186837
119011657,37,67642,4,11369,1.3456699159505583,0.5953350452381362,-0.7211932789967855,-0.7380808716261628,0.29044665823201865
119011657,37,67642,228,11369,1.3456699159505583,0.5953350452381362,1.2707869415271964,-0.7380808716261628,0.688842702336815
119011657,37,67642,22,11369,1.3456699159505583,0.5953350452381362,-0.561123439847537,-0.7380808716261628,0.32246062606186837
119011657,37,67642,36,11369,1.3456699159505583,0.5953350452381362,-0.4366246760647881,-0.7380808716261628,0.34736037881841814
119011657,37,67642,27,11369,1.3456699159505583,0.5953350452381362,-0.5166595956394124,-0.7380808716261628,0.3313533949034933
119011657,37,67642,95,11369,1.3456699159505583,0.5953350452381362,0.0880486855910822,-0.7380808716261628,0.45229505114959223
119011657,37,67642,9,11369,1.3456699159505583,0.5953350452381362,-0.676729434788661,-0.7380808716261628,0.2993394270736436
119011657,37,67642,32,11369,1.3456699159505583,0.5953350452381362,-0.4721957514312878,-0.7380808716261628,0.34024616374511824
119011657,37,67642,48,11369,1.3456699159505583,0.5953350452381362,-0.3299114499652891,-0.7380808716261628,0.368703024038318
119011657,37,67642,80,11369,1.3456699159505583,0.5953350452381362,-0.04534284703329162,-0.7380808716261628,0.42561674462471744
119011657,37,67642,43,11369,1.3456699159505583,0.5953350452381362,-0.3743752941734137,-0.7380808716261628,0.3598102551966931
119011657,37,67642,0,11369,1.3456699159505583,0.5953350452381362,-0.7567643543632853,-0.7380808716261628,0.28333244315871875
119011657,37,67642,12,11369,1.3456699159505583,0.5953350452381362,-0.6500511282637862,-0.7380808716261628,0.30467508837861856
119011657,37,67642,42,11369,1.3456699159505583,0.5953350452381362,-0.3832680630150386,-0.7380808716261628,0.35803170142836804
119011657,37,67642,12,11369,1.3456699159505583,0.5953350452381362,-0.6500511282637862,-0.7380808716261628,0.30467508837861856
119011657,37,67642,41,11369,1.3456699159505583,0.5953350452381362,-0.3921608318566635,-0.7380808716261628,0.3562531476600431
119011658,24,72042,0,16012,0.3790364048971249,1.0598732346416662,-0.7567643543632853,0.25799368664014943,0.3319187583170101
119011658,24,72042,3,16012,0.3790364048971249,1.0598732346416662,-0.7300860478384105,0.25799368664014943,0.3372544196219851
119011658,24,72042,31,16012,0.3790364048971249,1.0598732346416662,-0.4810885202729127,0.25799368664014943,0.38705392513508463
119011658,24,72042,8,16012,0.3790364048971249,1.0598732346416662,-0.6856222036302859,0.25799368664014943,0.34614718846361003
119011658,24,72042,339,16012,0.3790364048971249,1.0598732346416662,2.2578842829475625,0.25799368664014943,0.9348484857791798
119011658,24,72042,31,16012,0.3790364048971249,1.0598732346416662,-0.4810885202729127,0.25799368664014943,0.38705392513508463
119011658,24,72042,72,16012,0.3790364048971249,1.0598732346416662,-0.11648499776629098,0.25799368664014943,0.459974629636409
119011658,24,72042,46,16012,0.3790364048971249,1.0598732346416662,-0.3476969876485389,0.25799368664014943,0.4137322316599594
119011658,24,72042,125,16012,0.3790364048971249,1.0598732346416662,0.3548317508398298,0.25799368664014943,0.5542379793576332
119011658,24,72042,10,16012,0.3790364048971249,1.0598732346416662,-0.6678366659470361,0.25799368664014943,0.34970429600026
119011658,24,72042,46,16012,0.3790364048971249,1.0598732346416662,-0.3476969876485389,0.25799368664014943,0.4137322316599594
119011658,24,72042,101,16012,0.3790364048971249,1.0598732346416662,0.1414052986408317,0.25799368664014943,0.5115526889178336
119011658,24,72042,151,16012,0.3790364048971249,1.0598732346416662,0.5860437407220778,0.25799368664014943,0.6004803773340828
119011658,24,72042,72,16012,0.3790364048971249,1.0598732346416662,-0.11648499776629098,0.25799368664014943,0.459974629636409
119011658,24,72042,7,16012,0.3790364048971249,1.0598732346416662,-0.6945149724719109,0.25799368664014943,0.344368634695285
119011658,24,72042,24,16012,0.3790364048971249,1.0598732346416662,-0.5433379021642871,0.25799368664014943,0.37460404875680975
119011658,24,72042,99,16012,0.3790364048971249,1.0598732346416662,0.12361976095758187,0.25799368664014943,0.5079955813811836
119011658,24,72042,18,16012,0.3790364048971249,1.0598732346416662,-0.5966945152140367,0.25799368664014943,0.36393272614685984
119011658,24,72042,53,16012,0.3790364048971249,1.0598732346416662,-0.2854476057571645,0.25799368664014943,0.4261821080382343
119021362,26,58792,3,20405,0.5277492527514993,-0.3390201766303275,-0.7300860478384105,1.2004351112500804,0.15068853551868555
119021362,26,58792,0,20405,0.5277492527514993,-0.3390201766303275,-0.7567643543632853,1.2004351112500804,0.14535287421371057
119021362,26,58792,72,20405,0.5277492527514993,-0.3390201766303275,-0.11648499776629098,1.2004351112500804,0.27340874553310945
119021362,26,58792,7,20405,0.5277492527514993,-0.3390201766303275,-0.6945149724719109,1.2004351112500804,0.15780275059198545
119021362,26,58792,567,20405,0.5277492527514993,-0.3390201766303275,4.285435578838045,1.2004351112500804,1.1537928608539767
119021362,26,58792,80,20405,0.5277492527514993,-0.3390201766303275,-0.04534284703329162,1.2004351112500804,0.2876371756797093
119021362,26,58792,142,20405,0.5277492527514993,-0.3390201766303275,0.5060088211474535,1.2004351112500804,0.39790750931585833
119021362,26,58792,85,20405,0.5277492527514993,-0.3390201766303275,-0.000879002825167012,1.2004351112500804,0.29652994452133424
119021362,26,58792,339,20405,0.5277492527514993,-0.3390201766303275,2.2578842829475625,1.2004351112500804,0.7482826016758801
119021362,26,58792,13,20405,0.5277492527514993,-0.3390201766303275,-0.6411583594221613,1.2004351112500804,0.16847407320193536
119021362,26,58792,54,20405,0.5277492527514993,-0.3390201766303275,-0.27655483691553956,1.2004351112500804,0.24139477770325973
119021362,26,58792,161,20405,0.5277492527514993,-0.3390201766303275,0.674971429138327,1.2004351112500804,0.43170003091403303
119021362,26,58792,156,20405,0.5277492527514993,-0.3390201766303275,0.6305075849302023,1.2004351112500804,0.4228072620724081
119021362,26,58792,89,20405,0.5277492527514993,-0.3390201766303275,0.03469207254133267,1.2004351112500804,0.3036441595946342
119021362,26,58792,15,20405,0.5277492527514993,-0.3390201766303275,-0.6233728217389114,1.2004351112500804,0.17203118073858537
119021362,26,58792,20,20405,0.5277492527514993,-0.3390201766303275,-0.5789089775307869,1.2004351112500804,0.18092394958021027
119021362,26,58792,100,20405,0.5277492527514993,-0.3390201766303275,0.1325125297992068,1.2004351112500804,0.323208251046209
119021362,26,58792,23,20405,0.5277492527514993,-0.3390201766303275,-0.552230671005912,1.2004351112500804,0.18625961088518522
119021362,26,58792,102,20405,0.5277492527514993,-0.3390201766303275,0.15029806748245664,1.2004351112500804,0.326765358582859
119021366,8,50327,7,21689,-0.81066637793787,-1.2327283069259822,-0.6945149724719109,1.4758948857092544,-0.4567424228116869
119021366,8,50327,0,21689,-0.81066637793787,-1.2327283069259822,-0.7567643543632853,1.4758948857092544,-0.4691922991899618
119021366,8,50327,132,21689,-0.81066637793787,-1.2327283069259822,0.41708113273120423,1.4758948857092544,-0.23442320177106396
119021366,8,50327,7,21689,-0.81066637793787,-1.2327283069259822,-0.6945149724719109,1.4758948857092544,-0.4567424228116869
119021366,8,50327,723,21689,-0.81066637793787,-1.2327283069259822,5.672707518131532,1.4758948857092544,0.8167020753090017
119021366,8,50327,143,21689,-0.81066637793787,-1.2327283069259822,0.5149015899890784,1.4758948857092544,-0.21485911031948907
119021366,8,50327,169,21689,-0.81066637793787,-1.2327283069259822,0.7461135798713263,1.4758948857092544,-0.1686167123430395
119021366,8,50327,89,21689,-0.81066637793787,-1.2327283069259822,0.03469207254133267,1.4758948857092544,-0.3109010138090383
119021366,8,50327,716,21689,-0.81066637793787,-1.2327283069259822,5.610458136240157,1.4758948857092544,0.8042521989307267
119021366,8,50327,8,21689,-0.81066637793787,-1.2327283069259822,-0.6856222036302859,1.4758948857092544,-0.454963869043362
119021366,8,50327,61,21689,-0.81066637793787,-1.2327283069259822,-0.2143054550241651,1.4758948857092544,-0.3607005193221378
119021366,8,50327,199,21689,-0.81066637793787,-1.2327283069259822,1.0128966451200738,1.4758948857092544,-0.11526009929329001
119021366,8,50327,190,21689,-0.81066637793787,-1.2327283069259822,0.9328617255454497,1.4758948857092544,-0.13126708320821484
119021366,8,50327,132,21689,-0.81066637793787,-1.2327283069259822,0.41708113273120423,1.4758948857092544,-0.23442320177106396
119021366,8,50327,29,21689,-0.81066637793787,-1.2327283069259822,-0.4988740579561626,1.4758948857092544,-0.41761423990853724
119021366,8,50327,33,21689,-0.81066637793787,-1.2327283069259822,-0.4633029825896629,1.4758948857092544,-0.41050002483523734
119021366,8,50327,124,21689,-0.81066637793787,-1.2327283069259822,0.3459389819982049,1.4758948857092544,-0.24865163191766376
119021366,8,50327,14,21689,-0.81066637793787,-1.2327283069259822,-0.6322655905805363,1.4758948857092544,-0.44429254643341204
119021366,8,50327,126,21689,-0.81066637793787,-1.2327283069259822,0.36372451968145475,1.4758948857092544,-0.2450945243810138
119021367,11,60724,5,14585,-0.5875971061563084,-0.13504568073768664,-0.7123005101551606,-0.04814424027047462,-0.36888178615332556
119021367,11,60724,0,14585,-0.5875971061563084,-0.13504568073768664,-0.7567643543632853,-0.04814424027047462,-0.3777745549949505
119021367,11,60724,28,14585,-0.5875971061563084,-0.13504568073768664,-0.5077668267977875,-0.04814424027047462,-0.32797504948185097
119021367,11,60724,6,14585,-0.5875971061563084,-0.13504568073768664,-0.7034077413135358,-0.04814424027047462,-0.3671032323850006
119021367,11,60724,345,14585,-0.5875971061563084,-0.13504568073768664,2.311240895997312,-0.04814424027047462,0.235826495077169
119021367,11,60724,45,14585,-0.5875971061563084,-0.13504568073768664,-0.35658975649016383,-0.04814424027047462,-0.2977396354203262
119021367,11,60724,106,14585,-0.5875971061563084,-0.13504568073768664,0.1858691428489563,-0.04814424027047462,-0.18924785555250218
119021367,11,60724,51,14585,-0.5875971061563084,-0.13504568073768664,-0.3032331434404143,-0.04814424027047462,-0.2870683128103763
119021367,11,60724,291,14585,-0.5875971061563084,-0.13504568073768664,1.8310313785495664,-0.04814424027047462,0.13978459158761988
119021367,11,60724,14,14585,-0.5875971061563084,-0.13504568073768664,-0.6322655905805363,-0.04814424027047462,-0.35287480223840073
119021367,11,60724,45,14585,-0.5875971061563084,-0.13504568073768664,-0.35658975649016383,-0.04814424027047462,-0.2977396354203262
119021367,11,60724,126,14585,-0.5875971061563084,-0.13504568073768664,0.36372451968145475,-0.04814424027047462,-0.1536767801860025
119021367,11,60724,141,14585,-0.5875971061563084,-0.13504568073768664,0.49711605230582856,-0.04814424027047462,-0.12699847366112774
119021367,11,60724,60,14585,-0.5875971061563084,-0.13504568073768664,-0.22319822386579002,-0.04814424027047462,-0.2710613288954514
119021367,11,60724,13,14585,-0.5875971061563084,-0.13504568073768664,-0.6411583594221613,-0.04814424027047462,-0.3546533560067257
119021367,11,60724,20,14585,-0.5875971061563084,-0.13504568073768664,-0.5789089775307869,-0.04814424027047462,-0.3422034796284508
119021367,11,60724,54,14585,-0.5875971061563084,-0.13504568073768664,-0.27655483691553956,-0.04814424027047462,-0.28173265150540133
119021367,11,60724,19,14585,-0.5875971061563084,-0.13504568073768664,-0.5878017463724118,-0.04814424027047462,-0.3439820333967758
119021367,11,60724,72,14585,-0.5875971061563084,-0.13504568073768664,-0.11648499776629098,-0.04814424027047462,-0.24971868367555164
119021573,25,47030,6,17228,0.4533928288243121,-1.5808152183949455,-0.7034077413135358,0.5188652487447877,-0.37513521538493966
119021573,25,47030,0,17228,0.4533928288243121,-1.5808152183949455,-0.7567643543632853,0.5188652487447877,-0.3858065379948895
119021573,25,47030,42,17228,0.4533928288243121,-1.5808152183949455,-0.3832680630150386,0.5188652487447877,-0.3111072797252402
119021573,25,47030,3,17228,0.4533928288243121,-1.5808152183949455,-0.7300860478384105,0.5188652487447877,-0.38047087668991453
119021573,25,47030,305,17228,0.4533928288243121,-1.5808152183949455,1.9555301423323155,0.5188652487447877,0.1566523613442307
119021573,25,47030,83,17228,0.4533928288243121,-1.5808152183949455,-0.018664540508416854,0.5188652487447877,-0.23818657522391581
119021573,25,47030,150,17228,0.4533928288243121,-1.5808152183949455,0.5771509718804528,0.5188652487447877,-0.11902347274614186
119021573,25,47030,160,17228,0.4533928288243121,-1.5808152183949455,0.666078660296702,0.5188652487447877,-0.10123793506289203
119021573,25,47030,1146,17228,0.4533928288243121,-1.5808152183949455,9.434348738138874,0.5188652487447877,1.6524160805055426
119021573,25,47030,13,17228,0.4533928288243121,-1.5808152183949455,-0.6411583594221613,0.5188652487447877,-0.3626853390066648
119021573,25,47030,40,17228,0.4533928288243121,-1.5808152183949455,-0.40105360069828844,0.5188652487447877,-0.31466438726189017
119021573,25,47030,85,17228,0.4533928288243121,-1.5808152183949455,-0.000879002825167012,0.5188652487447877,-0.23462946768726586
119021573,25,47030,137,17228,0.4533928288243121,-1.5808152183949455,0.46154497693932883,0.5188652487447877,-0.14214467173436668
119021573,25,47030,153,17228,0.4533928288243121,-1.5808152183949455,0.6038292784053276,0.5188652487447877,-0.11368781144116694
119021573,25,47030,33,17228,0.4533928288243121,-1.5808152183949455,-0.4633029825896629,0.5188652487447877,-0.32711426364016505
119021573,25,47030,36,17228,0.4533928288243121,-1.5808152183949455,-0.4366246760647881,0.5188652487447877,-0.32177860233519007
119021573,25,47030,79,17228,0.4533928288243121,-1.5808152183949455,-0.054235615874916536,0.5188652487447877,-0.24530079029721577
119021573,25,47030,8,17228,0.4533928288243121,-1.5808152183949455,-0.6856222036302859,0.5188652487447877,-0.3715781078482897
119021573,25,47030,77,17228,0.4533928288243121,-1.5808152183949455,-0.07202115355816638,0.5188652487447877,-0.24885789783386572
119021574,1,46944,3,10207,-1.3311613454281803,-1.58989482846056,-0.7300860478384105,-0.9873676768610227,-1.2198075971065088
119021574,1,46944,0,10207,-1.3311613454281803,-1.58989482846056,-0.7567643543632853,-0.9873676768610227,-1.2251432584114836
119021574,1,46944,14,10207,-1.3311613454281803,-1.58989482846056,-0.6322655905805363,-0.9873676768610227,-1.2002435056549339
119021574,1,46944,0,10207,-1.3311613454281803,-1.58989482846056,-0.7567643543632853,-0.9873676768610227,-1.2251432584114836
119021574,1,46944,181,10207,-1.3311613454281803,-1.58989482846056,0.8528268059708254,-0.9873676768610227,-0.9032250263446615
119021574,1,46944,28,10207,-1.3311613454281803,-1.58989482846056,-0.5077668267977875,-0.9873676768610227,-1.175343752898384
119021574,1,46944,47,10207,-1.3311613454281803,-1.58989482846056,-0.33880421880691397,-0.9873676768610227,-1.1415512313002094
119021574,1,46944,38,10207,-1.3311613454281803,-1.58989482846056,-0.4188391383815383,-0.9873676768610227,-1.1575582152151342
119021574,1,46944,598,10207,-1.3311613454281803,-1.58989482846056,4.561111412928417,-0.9873676768610227,-0.16156810495314308
119021574,1,46944,3,10207,-1.3311613454281803,-1.58989482846056,-0.7300860478384105,-0.9873676768610227,-1.2198075971065088
119021574,1,46944,12,10207,-1.3311613454281803,-1.58989482846056,-0.6500511282637862,-0.9873676768610227,-1.203800613191584
119021574,1,46944,30,10207,-1.3311613454281803,-1.58989482846056,-0.48998128911453764,-0.9873676768610227,-1.171786645361734
119021574,1,46944,73,10207,-1.3311613454281803,-1.58989482846056,-0.10759222892466606,-0.9873676768610227,-1.0953088333237597
119021574,1,46944,70,10207,-1.3311613454281803,-1.58989482846056,-0.13427053544954082,-0.9873676768610227,-1.1006444946287348
119021574,1,46944,27,10207,-1.3311613454281803,-1.58989482846056,-0.5166595956394124,-0.9873676768610227,-1.1771223066667091
119021574,1,46944,17,10207,-1.3311613454281803,-1.58989482846056,-0.6055872840556616,-0.9873676768610227,-1.194907844349959
119021574,1,46944,42,10207,-1.3311613454281803,-1.58989482846056,-0.3832680630150386,-0.9873676768610227,-1.1504440001418343
119021574,1,46944,5,10207,-1.3311613454281803,-1.58989482846056,-0.7123005101551606,-0.9873676768610227,-1.2162504895698587
119021574,1,46944,33,10207,-1.3311613454281803,-1.58989482846056,-0.4633029825896629,-0.9873676768610227,-1.1664509840567592
119021659,7,49529,0,11930,-0.8850228018650571,-1.3169786421859861,-0.7567643543632853,-0.6177281197012432,-0.9354989280282187
119021659,7,49529,0,11930,-0.8850228018650571,-1.3169786421859861,-0.7567643543632853,-0.6177281197012432,-0.9354989280282187
119021659,7,49529,29,11930,-0.8850228018650571,-1.3169786421859861,-0.4988740579561626,-0.6177281197012432,-0.8839208687467941
119021659,7,49529,4,11930,-0.8850228018650571,-1.3169786421859861,-0.7211932789967855,-0.6177281197012432,-0.9283847129549188
119021659,7,49529,368,11930,-0.8850228018650571,-1.3169786421859861,2.5157745793546855,-0.6177281197012432,-0.2809911412846246
119021659,7,49529,23,11930,-0.8850228018650571,-1.3169786421859861,-0.552230671005912,-0.6177281197012432,-0.8945921913567441
119021659,7,49529,84,11930,-0.8850228018650571,-1.3169786421859861,-0.009771771666791933,-0.6177281197012432,-0.7861004114889201
119021659,7,49529,52,11930,-0.8850228018650571,-1.3169786421859861,-0.29434037459878937,-0.6177281197012432,-0.8430141320753195
119021659,7,49529,247,11930,-0.8850228018650571,-1.3169786421859861,1.4397495495180699,-0.6177281197012432,-0.4961961472519477
119021659,7,49529,10,11930,-0.8850228018650571,-1.3169786421859861,-0.6678366659470361,-0.6177281197012432,-0.9177133903449688
119021659,7,49529,31,11930,-0.8850228018650571,-1.3169786421859861,-0.4810885202729127,-0.6177281197012432,-0.8803637612101443
119021659,7,49529,91,11930,-0.8850228018650571,-1.3169786421859861,0.05247761022458251,-0.6177281197012432,-0.7736505351106451
119021659,7,49529,96,11930,-0.8850228018650571,-1.3169786421859861,0.09694145443270712,-0.6177281197012432,-0.7647577662690201
119021659,7,49529,100,11930,-0.8850228018650571,-1.3169786421859861,0.1325125297992068,-0.6177281197012432,-0.7576435511957202
119021659,7,49529,5,11930,-0.8850228018650571,-1.3169786421859861,-0.7123005101551606,-0.6177281197012432,-0.9266061591865937
119021659,7,49529,16,11930,-0.8850228018650571,-1.3169786421859861,-0.6144800528972866,-0.6177281197012432,-0.907042067735019
119021659,7,49529,71,11930,-0.8850228018650571,-1.3169786421859861,-0.12537776660791589,-0.6177281197012432,-0.8092216104771448
119021659,7,49529,4,11930,-0.8850228018650571,-1.3169786421859861,-0.7211932789967855,-0.6177281197012432,-0.9283847129549188
119021659,7,49529,53,11930,-0.8850228018650571,-1.3169786421859861,-0.2854476057571645,-0.6177281197012432,-0.8412355783069945
119021660,15,47315,0,9107,-0.29017141044755973,-1.5507258129449442,-0.7567643543632853,-1.2233534649491,-0.9482927308802283
119021660,15,47315,0,9107,-0.29017141044755973,-1.5507258129449442,-0.7567643543632853,-1.2233534649491,-0.9482927308802283
119021660,15,47315,15,9107,-0.29017141044755973,-1.5507258129449442,-0.6233728217389114,-1.2233534649491,-0.9216144243553536
119021660,15,47315,0,9107,-0.29017141044755973,-1.5507258129449442,-0.7567643543632853,-1.2233534649491,-0.9482927308802283
119021660,15,47315,261,9107,-0.29017141044755973,-1.5507258129449442,1.564248313300819,-1.2233534649491,-0.48409019734740744
119021660,15,47315,29,9107,-0.29017141044755973,-1.5507258129449442,-0.4988740579561626,-1.2233534649491,-0.8967146715988038
119021660,15,47315,119,9107,-0.29017141044755973,-1.5507258129449442,0.3014751377900803,-1.2233534649491,-0.7366448324495551
119021660,15,47315,52,9107,-0.29017141044755973,-1.5507258129449442,-0.29434037459878937,-1.2233534649491,-0.8558079349273291
119021660,15,47315,191,9107,-0.29017141044755973,-1.5507258129449442,0.9417544943870746,-1.2233534649491,-0.6085889611301563
119021660,15,47315,3,9107,-0.29017141044755973,-1.5507258129449442,-0.7300860478384105,-1.2233534649491,-0.9429570695752533
119021660,15,47315,25,9107,-0.29017141044755973,-1.5507258129449442,-0.5344451333226622,-1.2233534649491,-0.9038288866721037
119021660,15,47315,94,9107,-0.29017141044755973,-1.5507258129449442,0.07915591674945727,-1.2233534649491,-0.7811086766576798
119021660,15,47315,65,9107,-0.29017141044755973,-1.5507258129449442,-0.17873437965766542,-1.2233534649491,-0.8326867359391043
119021660,15,47315,69,9107,-0.29017141044755973,-1.5507258129449442,-0.14316330429116575,-1.2233534649491,-0.8255725208658043
119021660,15,47315,5,9107,-0.29017141044755973,-1.5507258129449442,-0.7123005101551606,-1.2233534649491,-0.9393999620386033
119021660,15,47315,13,9107,-0.29017141044755973,-1.5507258129449442,-0.6411583594221613,-1.2233534649491,-0.9251715318920035
119021660,15,47315,96,9107,-0.29017141044755973,-1.5507258129449442,0.09694145443270712,-1.2233534649491,-0.7775515691210299
119021660,15,47315,3,9107,-0.29017141044755973,-1.5507258129449442,-0.7300860478384105,-1.2233534649491,-0.9429570695752533
119021660,15,47315,45,9107,-0.29017141044755973,-1.5507258129449442,-0.35658975649016383,-1.2233534649491,-0.868257811305604
119021661,10,61847,3,12268,-0.6619535300834957,-0.016482865578558433,-0.7300860478384105,-0.5452161229978159,-0.4585913528658615
119021661,10,61847,0,12268,-0.6619535300834957,-0.016482865578558433,-0.7567643543632853,-0.5452161229978159,-0.4639270141708365
119021661,10,61847,46,12268,-0.6619535300834957,-0.016482865578558433,-0.3476969876485389,-0.5452161229978159,-0.3821135408278872
119021661,10,61847,0,12268,-0.6619535300834957,-0.016482865578558433,-0.7567643543632853,-0.5452161229978159,-0.4639270141708365
119021661,10,61847,298,12268,-0.6619535300834957,-0.016482865578558433,1.893280760440941,-0.5452161229978159,0.0660820087900088
119021661,10,61847,34,12268,-0.6619535300834957,-0.016482865578558433,-0.45441021374803797,-0.5452161229978159,-0.403456186047787
119021661,10,61847,66,12268,-0.6619535300834957,-0.016482865578558433,-0.1698416108160405,-0.5452161229978159,-0.3465424654613875
119021661,10,61847,47,12268,-0.6619535300834957,-0.016482865578558433,-0.33880421880691397,-0.5452161229978159,-0.3803349870595622
119021661,10,61847,198,12268,-0.6619535300834957,-0.016482865578558433,1.0040038762784491,-0.5452161229978159,-0.11177336804248955
119021661,10,61847,7,12268,-0.6619535300834957,-0.016482865578558433,-0.6945149724719109,-0.5452161229978159,-0.4514771377925616
119021661,10,61847,39,12268,-0.6619535300834957,-0.016482865578558433,-0.40994636953991337,-0.5452161229978159,-0.39456341720616206
119021661,10,61847,130,12268,-0.6619535300834957,-0.016482865578558433,0.3992955950479544,-0.5452161229978159,-0.2327150242885885
119021661,10,61847,119,12268,-0.6619535300834957,-0.016482865578558433,0.3014751377900803,-0.5452161229978159,-0.2522791157401634
119021661,10,61847,58,12268,-0.6619535300834957,-0.016482865578558433,-0.24098376154903986,-0.5452161229978159,-0.36077089560798736
119021661,10,61847,4,12268,-0.6619535300834957,-0.016482865578558433,-0.7211932789967855,-0.5452161229978159,-0.45681279909753647
119021661,10,61847,17,12268,-0.6619535300834957,-0.016482865578558433,-0.6055872840556616,-0.5452161229978159,-0.43369160010931174
119021661,10,61847,46,12268,-0.6619535300834957,-0.016482865578558433,-0.3476969876485389,-0.5452161229978159,-0.3821135408278872
119021661,10,61847,10,12268,-0.6619535300834957,-0.016482865578558433,-0.6678366659470361,-0.5452161229978159,-0.4461414764875866
119021661,10,61847,63,12268,-0.6619535300834957,-0.016482865578558433,-0.19651991734091526,-0.5452161229978159,-0.35187812676636243
119021662,33,79016,3,17988,1.0482442202418094,1.796166264846261,-0.7300860478384105,0.6819099750601867,0.8436879309707763
119021662,33,79016,0,17988,1.0482442202418094,1.796166264846261,-0.7567643543632853,0.6819099750601867,0.8383522696658015
119021662,33,79016,57,17988,1.0482442202418094,1.796166264846261,-0.2498765303906648,0.6819099750601867,0.9397298344603255
119021662,33,79016,3,17988,1.0482442202418094,1.796166264846261,-0.7300860478384105,0.6819099750601867,0.8436879309707763
119021662,33,79016,407,17988,1.0482442202418094,1.796166264846261,2.8625925641780574,0.6819099750601867,1.5622236533740699
119021662,33,79016,51,17988,1.0482442202418094,1.796166264846261,-0.3032331434404143,0.6819099750601867,0.9290585118503756
119021662,33,79016,116,17988,1.0482442202418094,1.796166264846261,0.27479683126520554,0.6819099750601867,1.0446645067914997
119021662,33,79016,81,17988,1.0482442202418094,1.796166264846261,-0.03645007819166669,0.6819099750601867,0.9824151249001252
119021662,33,79016,154,17988,1.0482442202418094,1.796166264846261,0.6127220472469526,0.6819099750601867,1.112249549987849
119021662,33,79016,24,17988,1.0482442202418094,1.796166264846261,-0.5433379021642871,0.6819099750601867,0.8810375601056011
119021662,33,79016,72,17988,1.0482442202418094,1.796166264846261,-0.11648499776629098,0.6819099750601867,0.9664081409852003
119021662,33,79016,333,17988,1.0482442202418094,1.796166264846261,2.2045276698978133,0.6819099750601867,1.4306106745180212
119021662,33,79016,252,17988,1.0482442202418094,1.796166264846261,1.4842133937261945,0.6819099750601867,1.2865478192836974
119021662,33,79016,82,17988,1.0482442202418094,1.796166264846261,-0.027557309350041772,0.6819099750601867,0.9841936786684502
119021662,33,79016,9,17988,1.0482442202418094,1.796166264846261,-0.676729434788661,0.6819099750601867,0.8543592535807263
119021662,33,79016,29,17988,1.0482442202418094,1.796166264846261,-0.4988740579561626,0.6819099750601867,0.889930328947226
119021662,33,79016,116,17988,1.0482442202418094,1.796166264846261,0.27479683126520554,0.6819099750601867,1.0446645067914997
119021662,33,79016,52,17988,1.0482442202418094,1.796166264846261,-0.29434037459878937,0.6819099750601867,0.9308370656187006
119021662,33,79016,80,17988,1.0482442202418094,1.796166264846261,-0.04534284703329162,0.6819099750601867,0.9806365711318001
119021663,10,74170,3,6266,-0.6619535300834957,1.2845407953350096,-0.7300860478384105,-1.8328403958202164,-0.32580910915627126
119021663,10,74170,0,6266,-0.6619535300834957,1.2845407953350096,-0.7567643543632853,-1.8328403958202164,-0.3311447704612462
119021663,10,74170,60,6266,-0.6619535300834957,1.2845407953350096,-0.22319822386579002,-1.8328403958202164,-0.22443154436174714
119021663,10,74170,3,6266,-0.6619535300834957,1.2845407953350096,-0.7300860478384105,-1.8328403958202164,-0.32580910915627126
119021663,10,74170,238,6266,-0.6619535300834957,1.2845407953350096,1.3597146299434457,-1.8328403958202164,0.09215102640009998
119021663,10,74170,83,6266,-0.6619535300834957,1.2845407953350096,-0.018664540508416854,-1.8328403958202164,-0.1835248076902725
119021663,10,74170,62,6266,-0.6619535300834957,1.2845407953350096,-0.2054126861825402,-1.8328403958202164,-0.22087443682509716
119021663,10,74170,23,6266,-0.6619535300834957,1.2845407953350096,-0.552230671005912,-1.8328403958202164,-0.29023803378977153
119021663,10,74170,91,6266,-0.6619535300834957,1.2845407953350096,0.05247761022458251,-1.8328403958202164,-0.16929637754367263
119021663,10,74170,7,6266,-0.6619535300834957,1.2845407953350096,-0.6945149724719109,-1.8328403958202164,-0.3186948940829713
119021663,10,74170,32,6266,-0.6619535300834957,1.2845407953350096,-0.4721957514312878,-1.8328403958202164,-0.2742310498748467
119021663,10,74170,139,6266,-0.6619535300834957,1.2845407953350096,0.4793305146225787,-1.8328403958202164,-0.0839257966640734
119021663,10,74170,104,6266,-0.6619535300834957,1.2845407953350096,0.16808360516570647,-1.8328403958202164,-0.14617517855544782
119021663,10,74170,48,6266,-0.6619535300834957,1.2845407953350096,-0.3299114499652891,-1.8328403958202164,-0.24577418958164693
119021663,10,74170,7,6266,-0.6619535300834957,1.2845407953350096,-0.6945149724719109,-1.8328403958202164,-0.3186948940829713
119021663,10,74170,8,6266,-0.6619535300834957,1.2845407953350096,-0.6856222036302859,-1.8328403958202164,-0.3169163403146463
119021663,10,74170,20,6266,-0.6619535300834957,1.2845407953350096,-0.5789089775307869,-1.8328403958202164,-0.2955736950947465
119021663,10,74170,8,6266,-0.6619535300834957,1.2845407953350096,-0.6856222036302859,-1.8328403958202164,-0.3169163403146463
119021663,10,74170,38,6266,-0.6619535300834957,1.2845407953350096,-0.4188391383815383,-1.8328403958202164,-0.2635597272648968
119031370,24,60412,4,13817,0.3790364048971249,-0.16798566144084603,-0.7211932789967855,-0.21290522686287774,-0.12350447813504899
119031370,24,60412,0,13817,0.3790364048971249,-0.16798566144084603,-0.7567643543632853,-0.21290522686287774,-0.13061869320834896
119031370,24,60412,35,13817,0.3790364048971249,-0.16798566144084603,-0.44551744490641304,-0.21290522686287774,-0.0683693113169745
119031370,24,60412,5,13817,0.3790364048971249,-0.16798566144084603,-0.7123005101551606,-0.21290522686287774,-0.12172592436672401
119031370,24,60412,244,13817,0.3790364048971249,-0.16798566144084603,1.4130712429931953,-0.21290522686287774,0.3033484262629472
119031370,24,60412,48,13817,0.3790364048971249,-0.16798566144084603,-0.3299114499652891,-0.21290522686287774,-0.0452481123287497
119031370,24,60412,78,13817,0.3790364048971249,-0.16798566144084603,-0.06312838471654146,-0.21290522686287774,0.00810850072099982
119031370,24,60412,63,13817,0.3790364048971249,-0.16798566144084603,-0.19651991734091526,-0.21290522686287774,-0.01856980580387494
119031370,24,60412,161,13817,0.3790364048971249,-0.16798566144084603,0.674971429138327,-0.21290522686287774,0.1557284634919735
119031370,24,60412,6,13817,0.3790364048971249,-0.16798566144084603,-0.7034077413135358,-0.21290522686287774,-0.11994737059839904
119031370,24,60412,39,13817,0.3790364048971249,-0.16798566144084603,-0.40994636953991337,-0.21290522686287774,-0.06125509624367456
119031370,24,60412,122,13817,0.3790364048971249,-0.16798566144084603,0.328153444314955,-0.21290522686287774,0.08636486652729912
119031370,24,60412,167,13817,0.3790364048971249,-0.16798566144084603,0.7283280421880765,-0.21290522686287774,0.1663997861019234
119031370,24,60412,68,13817,0.3790364048971249,-0.16798566144084603,-0.15205607313279065,-0.21290522686287774,-0.009677036962250016
119031370,24,60412,8,13817,0.3790364048971249,-0.16798566144084603,-0.6856222036302859,-0.21290522686287774,-0.11639026306174909
119031370,24,60412,16,13817,0.3790364048971249,-0.16798566144084603,-0.6144800528972866,-0.21290522686287774,-0.1021618329151492
119031370,24,60412,75,13817,0.3790364048971249,-0.16798566144084603,-0.08980669124141621,-0.21290522686287774,0.0027728394160248665
119031370,24,60412,12,13817,0.3790364048971249,-0.16798566144084603,-0.6500511282637862,-0.21290522686287774,-0.10927604798844913
119031370,24,60412,50,13817,0.3790364048971249,-0.16798566144084603,-0.31212591228203923,-0.21290522686287774,-0.04169100479209974
119031371,22,81853,7,12585,0.23032355704275054,2.0956878201503097,-0.6945149724719109,-0.4772093095215244,0.46345855675923103
119031371,22,81853,3,12585,0.23032355704275054,2.0956878201503097,-0.7300860478384105,-0.4772093095215244,0.456344341685931
119031371,22,81853,25,12585,0.23032355704275054,2.0956878201503097,-0.5344451333226622,-0.4772093095215244,0.4954725245890807
119031371,22,81853,0,12585,0.23032355704275054,2.0956878201503097,-0.7567643543632853,-0.4772093095215244,0.45100868038095615
119031371,22,81853,178,12585,0.23032355704275054,2.0956878201503097,0.8261484994459506,-0.4772093095215244,0.7675912511428032
119031371,22,81853,36,12585,0.23032355704275054,2.0956878201503097,-0.4366246760647881,-0.4772093095215244,0.5150366160406555
119031371,22,81853,81,12585,0.23032355704275054,2.0956878201503097,-0.03645007819166669,-0.4772093095215244,0.5950715356152798
119031371,22,81853,30,12585,0.23032355704275054,2.0956878201503097,-0.48998128911453764,-0.4772093095215244,0.5043652934307056
119031371,22,81853,75,12585,0.23032355704275054,2.0956878201503097,-0.08980669124141621,-0.4772093095215244,0.5844002130053298
119031371,22,81853,11,12585,0.23032355704275054,2.0956878201503097,-0.6589438971054111,-0.4772093095215244,0.47057277183253093
119031371,22,81853,54,12585,0.23032355704275054,2.0956878201503097,-0.27655483691553956,-0.4772093095215244,0.5470505838705052
119031371,22,81853,211,12585,0.23032355704275054,2.0956878201503097,1.119609871219573,-0.4772093095215244,0.8262835254975277
119031371,22,81853,208,12585,0.23032355704275054,2.0956878201503097,1.0929315646946982,-0.4772093095215244,0.8209478641925527
119031371,22,81853,54,12585,0.23032355704275054,2.0956878201503097,-0.27655483691553956,-0.4772093095215244,0.5470505838705052
119031371,22,81853,5,12585,0.23032355704275054,2.0956878201503097,-0.7123005101551606,-0.4772093095215244,0.4599014492225811
119031371,22,81853,21,12585,0.23032355704275054,2.0956878201503097,-0.5700162086891619,-0.4772093095215244,0.4883583095157808
119031371,22,81853,109,12585,0.23032355704275054,2.0956878201503097,0.21254744937383108,-0.4772093095215244,0.6448710411283793
119031371,22,81853,9,12585,0.23032355704275054,2.0956878201503097,-0.676729434788661,-0.4772093095215244,0.467015664295881
119031371,22,81853,43,12585,0.23032355704275054,2.0956878201503097,-0.3743752941734137,-0.4772093095215244,0.5274864924189304
119031372,27,73180,9,20261,0.6021056766786864,1.1800197027192154,-0.676729434788661,1.1695424262640048,0.6332002121144392
119031372,27,73180,0,20261,0.6021056766786864,1.1800197027192154,-0.7567643543632853,1.1695424262640048,0.6171932281995144
119031372,27,73180,172,20261,0.6021056766786864,1.1800197027192154,0.7727918863962011,1.1695424262640048,0.9231044763514117
119031372,27,73180,13,20261,0.6021056766786864,1.1800197027192154,-0.6411583594221613,1.1695424262640048,0.6403144271877391
119031372,27,73180,535,20261,0.6021056766786864,1.1800197027192154,4.000866975906047,1.1695424262640048,1.568719494253381
119031372,27,73180,133,20261,0.6021056766786864,1.1800197027192154,0.42597390157282916,1.1695424262640048,0.8537408793867373
119031372,27,73180,160,20261,0.6021056766786864,1.1800197027192154,0.666078660296702,1.1695424262640048,0.9017618311315119
119031372,27,73180,67,20261,0.6021056766786864,1.1800197027192154,-0.16094884197441559,1.1695424262640048,0.7363563306772883
119031372,27,73180,169,20261,0.6021056766786864,1.1800197027192154,0.7461135798713263,1.1695424262640048,0.9177688150464367
119031372,27,73180,10,20261,0.6021056766786864,1.1800197027192154,-0.6678366659470361,1.1695424262640048,0.6349787658827643
119031372,27,73180,82,20261,0.6021056766786864,1.1800197027192154,-0.027557309350041772,1.1695424262640048,0.763034637202163
119031372,27,73180,335,20261,0.6021056766786864,1.1800197027192154,2.222313207581063,1.1695424262640048,1.2130087405883843
119031372,27,73180,300,20261,0.6021056766786864,1.1800197027192154,1.9110662981241908,1.1695424262640048,1.1507593586970097
119031372,27,73180,102,20261,0.6021056766786864,1.1800197027192154,0.15029806748245664,1.1695424262640048,0.7986057125686628
119031372,27,73180,7,20261,0.6021056766786864,1.1800197027192154,-0.6945149724719109,1.1695424262640048,0.6296431045777893
119031372,27,73180,33,20261,0.6021056766786864,1.1800197027192154,-0.4633029825896629,1.1695424262640048,0.6758855025542388
119031372,27,73180,103,20261,0.6021056766786864,1.1800197027192154,0.15919083632408157,1.1695424262640048,0.8003842663369878
119031372,27,73180,29,20261,0.6021056766786864,1.1800197027192154,-0.4988740579561626,1.1695424262640048,0.668771287480939
119031372,27,73180,141,20261,0.6021056766786864,1.1800197027192154,0.49711605230582856,1.1695424262640048,0.8679693095333372
119031373,9,52625,3,11638,-0.7363099540106828,-0.990112679823866,-0.7300860478384105,-0.6803716198118965,-0.800018323680426
119031373,9,52625,3,11638,-0.7363099540106828,-0.990112679823866,-0.7300860478384105,-0.6803716198118965,-0.800018323680426
119031373,9,52625,26,11638,-0.7363099540106828,-0.990112679823866,-0.5255523644810374,-0.6803716198118965,-0.7591115870089513
119031373,9,52625,0,11638,-0.7363099540106828,-0.990112679823866,-0.7567643543632853,-0.6803716198118965,-0.8053539849854009
119031373,9,52625,159,11638,-0.7363099540106828,-0.990112679823866,0.6571858914550771,-0.6803716198118965,-0.5225639358217284
119031373,9,52625,27,11638,-0.7363099540106828,-0.990112679823866,-0.5166595956394124,-0.6803716198118965,-0.7573330332406264
119031373,9,52625,67,11638,-0.7363099540106828,-0.990112679823866,-0.16094884197441559,-0.6803716198118965,-0.6861908825076269
119031373,9,52625,51,11638,-0.7363099540106828,-0.990112679823866,-0.3032331434404143,-0.6803716198118965,-0.7146477428008268
119031373,9,52625,181,11638,-0.7363099540106828,-0.990112679823866,0.8528268059708254,-0.6803716198118965,-0.48343575291857876
119031373,9,52625,0,11638,-0.7363099540106828,-0.990112679823866,-0.7567643543632853,-0.6803716198118965,-0.8053539849854009
119031373,9,52625,19,11638,-0.7363099540106828,-0.990112679823866,-0.5878017463724118,-0.6803716198118965,-0.7715614633872262
119031373,9,52625,60,11638,-0.7363099540106828,-0.990112679823866,-0.22319822386579002,-0.6803716198118965,-0.6986407588859018
119031373,9,52625,91,11638,-0.7363099540106828,-0.990112679823866,0.05247761022458251,-0.6803716198118965,-0.6435055920678273
119031373,9,52625,60,11638,-0.7363099540106828,-0.990112679823866,-0.22319822386579002,-0.6803716198118965,-0.6986407588859018
119031373,9,52625,4,11638,-0.7363099540106828,-0.990112679823866,-0.7211932789967855,-0.6803716198118965,-0.798239769912101
119031373,9,52625,14,11638,-0.7363099540106828,-0.990112679823866,-0.6322655905805363,-0.6803716198118965,-0.7804542322288511
119031373,9,52625,48,11638,-0.7363099540106828,-0.990112679823866,-0.3299114499652891,-0.6803716198118965,-0.7199834041058016
119031373,9,52625,5,11638,-0.7363099540106828,-0.990112679823866,-0.7123005101551606,-0.6803716198118965,-0.796461216143776
119031373,9,52625,43,11638,-0.7363099540106828,-0.990112679823866,-0.3743752941734137,-0.6803716198118965,-0.7288761729474266
119031374,51,70961,8,25399,2.3866598509311783,0.945744647654117,-0.6856222036302859,2.271810589169952,1.3169590266835218
119031374,51,70961,0,25399,2.3866598509311783,0.945744647654117,-0.7567643543632853,2.271810589169952,1.302730596536922
119031374,51,70961,41,25399,2.3866598509311783,0.945744647654117,-0.3921608318566635,2.271810589169952,1.3756513010382463
119031374,51,70961,3,25399,2.3866598509311783,0.945744647654117,-0.7300860478384105,2.271810589169952,1.308066257841897
119031374,51,70961,487,25399,2.3866598509311783,0.945744647654117,3.574014071508051,2.271810589169952,2.168886281711189
119031374,51,70961,91,25399,2.3866598509311783,0.945744647654117,0.05247761022458251,2.271810589169952,1.4645789894544956
119031374,51,70961,165,25399,2.3866598509311783,0.945744647654117,0.7105425045048266,2.271810589169952,1.5961919683105443
119031374,51,70961,101,25399,2.3866598509311783,0.945744647654117,0.1414052986408317,2.271810589169952,1.4823645271377455
119031374,51,70961,249,25399,2.3866598509311783,0.945744647654117,1.4575350872013197,2.271810589169952,1.745590484849843
119031374,51,70961,13,25399,2.3866598509311783,0.945744647654117,-0.6411583594221613,2.271810589169952,1.3258517955251468
119031374,51,70961,116,25399,2.3866598509311783,0.945744647654117,0.27479683126520554,2.271810589169952,1.5090428336626203
119031374,51,70961,526,25399,2.3866598509311783,0.945744647654117,3.920832056331423,2.271810589169952,2.2382498786758633
119031374,51,70961,362,25399,2.3866598509311783,0.945744647654117,2.462417966304936,2.271810589169952,1.9465670606705663
119031374,51,70961,131,25399,2.3866598509311783,0.945744647654117,0.40818836388957935,2.271810589169952,1.5357211401874946
119031374,51,70961,7,25399,2.3866598509311783,0.945744647654117,-0.6945149724719109,2.271810589169952,1.3151804729151968
119031374,51,70961,30,25399,2.3866598509311783,0.945744647654117,-0.48998128911453764,2.271810589169952,1.3560872095866714
119031374,51,70961,233,25399,2.3866598509311783,0.945744647654117,1.315250785735321,2.271810589169952,1.7171336245566433
119031374,51,70961,37,25399,2.3866598509311783,0.945744647654117,-0.4277319072231632,2.271810589169952,1.3685370859649462
119031374,51,70961,87,25399,2.3866598509311783,0.945744647654117,0.016906534858082828,2.271810589169952,1.4574647743811955
119031664,10,50823,3,12143,-0.6619535300834957,-1.1803621837568572,-0.7300860478384105,-0.5720326898260064,-0.8131184616849891
119031664,10,50823,0,12143,-0.6619535300834957,-1.1803621837568572,-0.7567643543632853,-0.5720326898260064,-0.8184541229899641
119031664,10,50823,38,12143,-0.6619535300834957,-1.1803621837568572,-0.4188391383815383,-0.5720326898260064,-0.7508690797936147
119031664,10,50823,3,12143,-0.6619535300834957,-1.1803621837568572,-0.7300860478384105,-0.5720326898260064,-0.8131184616849891
119031664,10,50823,231,12143,-0.6619535300834957,-1.1803621837568572,1.2974652480520712,-0.5720326898260064,-0.40760820250689284
119031664,10,50823,105,12143,-0.6619535300834957,-1.1803621837568572,0.1769763740073314,-0.5720326898260064,-0.6317059773158408
119031664,10,50823,183,12143,-0.6619535300834957,-1.1803621837568572,0.8706123436540752,-0.5720326898260064,-0.49297878338649204
119031664,10,50823,145,12143,-0.6619535300834957,-1.1803621837568572,0.5326871276723282,-0.5720326898260064,-0.5605638265828414
119031664,10,50823,167,12143,-0.6619535300834957,-1.1803621837568572,0.7283280421880765,-0.5720326898260064,-0.5214356436796918
119031664,10,50823,13,12143,-0.6619535300834957,-1.1803621837568572,-0.6411583594221613,-0.5720326898260064,-0.7953329240017394
119031664,10,50823,121,12143,-0.6619535300834957,-1.1803621837568572,0.31926067547333015,-0.5720326898260064,-0.6032491170226411
119031664,10,50823,339,12143,-0.6619535300834957,-1.1803621837568572,2.2578842829475625,-0.5720326898260064,-0.21552439552779457
119031664,10,50823,275,12143,-0.6619535300834957,-1.1803621837568572,1.6887470770835677,-0.5720326898260064,-0.32935183670059354
119031664,10,50823,119,12143,-0.6619535300834957,-1.1803621837568572,0.3014751377900803,-0.5720326898260064,-0.606806224559291
119031664,10,50823,3,12143,-0.6619535300834957,-1.1803621837568572,-0.7300860478384105,-0.5720326898260064,-0.8131184616849891
119031664,10,50823,57,12143,-0.6619535300834957,-1.1803621837568572,-0.2498765303906648,-0.5720326898260064,-0.71707655819544
119031664,10,50823,189,12143,-0.6619535300834957,-1.1803621837568572,0.9239689567038247,-0.5720326898260064,-0.48230746077654213
119031664,10,50823,6,12143,-0.6619535300834957,-1.1803621837568572,-0.7034077413135358,-0.5720326898260064,-0.8077828003800143
119031664,10,50823,84,12143,-0.6619535300834957,-1.1803621837568572,-0.009771771666791933,-0.5720326898260064,-0.6690556064506654
119031665,11,57048,3,12123,-0.5875971061563084,-0.5231462226120903,-0.7300860478384105,-0.576323340518517,-0.5945048763019052
119031665,11,57048,0,12123,-0.5875971061563084,-0.5231462226120903,-0.7567643543632853,-0.576323340518517,-0.59984053760688
119031665,11,57048,16,12123,-0.5875971061563084,-0.5231462226120903,-0.6144800528972866,-0.576323340518517,-0.5713836773136803
119031665,11,57048,0,12123,-0.5875971061563084,-0.5231462226120903,-0.7567643543632853,-0.576323340518517,-0.59984053760688
119031665,11,57048,249,12123,-0.5875971061563084,-0.5231462226120903,1.4575350872013197,-0.576323340518517,-0.15698064929395905
119031665,11,57048,62,12123,-0.5875971061563084,-0.5231462226120903,-0.2054126861825402,-0.576323340518517,-0.48957020397073103
119031665,11,57048,75,12123,-0.5875971061563084,-0.5231462226120903,-0.08980669124141621,-0.576323340518517,-0.46644900498250624
119031665,11,57048,47,12123,-0.5875971061563084,-0.5231462226120903,-0.33880421880691397,-0.576323340518517,-0.5162485104956058
119031665,11,57048,175,12123,-0.5875971061563084,-0.5231462226120903,0.7994701929210758,-0.576323340518517,-0.2885936281500079
119031665,11,57048,4,12123,-0.5875971061563084,-0.5231462226120903,-0.7211932789967855,-0.576323340518517,-0.5927263225335802
119031665,11,57048,50,12123,-0.5875971061563084,-0.5231462226120903,-0.31212591228203923,-0.576323340518517,-0.5109128491906308
119031665,11,57048,197,12123,-0.5875971061563084,-0.5231462226120903,0.9951111074368241,-0.576323340518517,-0.2494654452468582
119031665,11,57048,154,12123,-0.5875971061563084,-0.5231462226120903,0.6127220472469526,-0.576323340518517,-0.32594325728483253
119031665,11,57048,78,12123,-0.5875971061563084,-0.5231462226120903,-0.06312838471654146,-0.576323340518517,-0.4611133436775313
119031665,11,57048,3,12123,-0.5875971061563084,-0.5231462226120903,-0.7300860478384105,-0.576323340518517,-0.5945048763019052
119031665,11,57048,13,12123,-0.5875971061563084,-0.5231462226120903,-0.6411583594221613,-0.576323340518517,-0.5767193386186553
119031665,11,57048,75,12123,-0.5875971061563084,-0.5231462226120903,-0.08980669124141621,-0.576323340518517,-0.46644900498250624
119031665,11,57048,11,12123,-0.5875971061563084,-0.5231462226120903,-0.6589438971054111,-0.576323340518517,-0.5802764461553053
119031665,11,57048,33,12123,-0.5875971061563084,-0.5231462226120903,-0.4633029825896629,-0.576323340518517,-0.5411482632521556
119031666,22,79230,4,14715,0.23032355704275054,1.8187597131490691,-0.7211932789967855,-0.02025501076915638,0.46643532310435754
119031666,22,79230,0,14715,0.23032355704275054,1.8187597131490691,-0.7567643543632853,-0.02025501076915638,0.45932110803105763
119031666,22,79230,30,14715,0.23032355704275054,1.8187597131490691,-0.48998128911453764,-0.02025501076915638,0.5126777210808071
119031666,22,79230,3,14715,0.23032355704275054,1.8187597131490691,-0.7300860478384105,-0.02025501076915638,0.46465676933603256
119031666,22,79230,189,14715,0.23032355704275054,1.8187597131490691,0.9239689567038247,-0.02025501076915638,0.7954677702444796
119031666,22,79230,31,14715,0.23032355704275054,1.8187597131490691,-0.4810885202729127,-0.02025501076915638,0.5144562748491321
119031666,22,79230,56,14715,0.23032355704275054,1.8187597131490691,-0.2587692992322897,-0.02025501076915638,0.5589201190572567
119031666,22,79230,46,14715,0.23032355704275054,1.8187597131490691,-0.3476969876485389,-0.02025501076915638,0.5411345813740068
119031666,22,79230,95,14715,0.23032355704275054,1.8187597131490691,0.0880486855910822,-0.02025501076915638,0.6282837160219311
119031666,22,79230,13,14715,0.23032355704275054,1.8187597131490691,-0.6411583594221613,-0.02025501076915638,0.48244230701928237
119031666,22,79230,50,14715,0.23032355704275054,1.8187597131490691,-0.31212591228203923,-0.02025501076915638,0.5482487964473068
119031666,22,79230,125,14715,0.23032355704275054,1.8187597131490691,0.3548317508398298,-0.02025501076915638,0.6816403290716806
119031666,22,79230,183,14715,0.23032355704275054,1.8187597131490691,0.8706123436540752,-0.02025501076915638,0.7847964476345297
119031666,22,79230,58,14715,0.23032355704275054,1.8187597131490691,-0.24098376154903986,-0.02025501076915638,0.5624772265939066
119031666,22,79230,3,14715,0.23032355704275054,1.8187597131490691,-0.7300860478384105,-0.02025501076915638,0.46465676933603256
119031666,22,79230,13,14715,0.23032355704275054,1.8187597131490691,-0.6411583594221613,-0.02025501076915638,0.48244230701928237
119031666,22,79230,86,14715,0.23032355704275054,1.8187597131490691,0.008013766016457908,-0.02025501076915638,0.6122767321070063
119031666,22,79230,16,14715,0.23032355704275054,1.8187597131490691,-0.6144800528972866,-0.02025501076915638,0.48777796832425735
119031666,22,79230,61,14715,0.23032355704275054,1.8187597131490691,-0.2143054550241651,-0.02025501076915638,0.5678128878988816
119031667,18,59694,3,9556,-0.06710213866599818,-0.24378984780260388,-0.7300860478384105,-1.1270283569022395,-0.46469047688871057
119031667,18,59694,0,9556,-0.06710213866599818,-0.24378984780260388,-0.7567643543632853,-1.1270283569022395,-0.47002613819368555
119031667,18,59694,14,9556,-0.06710213866599818,-0.24378984780260388,-0.6322655905805363,-1.1270283569022395,-0.4451263854371358
119031667,18,59694,3,9556,-0.06710213866599818,-0.24378984780260388,-0.7300860478384105,-1.1270283569022395,-0.46469047688871057
119031667,18,59694,133,9556,-0.06710213866599818,-0.24378984780260388,0.42597390157282916,-1.1270283569022395,-0.23347848700646268
119031667,18,59694,18,9556,-0.06710213866599818,-0.24378984780260388,-0.5966945152140367,-1.1270283569022395,-0.4380121703638359
119031667,18,59694,66,9556,-0.06710213866599818,-0.24378984780260388,-0.1698416108160405,-1.1270283569022395,-0.35264158948423663
119031667,18,59694,34,9556,-0.06710213866599818,-0.24378984780260388,-0.45441021374803797,-1.1270283569022395,-0.40955531007063606
119031667,18,59694,112,9556,-0.06710213866599818,-0.24378984780260388,0.23922575589870584,-1.1270283569022395,-0.2708281161412873
119031667,18,59694,7,9556,-0.06710213866599818,-0.24378984780260388,-0.6945149724719109,-1.1270283569022395,-0.45757626181541067
119031667,18,59694,27,9556,-0.06710213866599818,-0.24378984780260388,-0.5166595956394124,-1.1270283569022395,-0.422005186448911
119031667,18,59694,77,9556,-0.06710213866599818,-0.24378984780260388,-0.07202115355816638,-1.1270283569022395,-0.3330774980326618
119031667,18,59694,104,9556,-0.06710213866599818,-0.24378984780260388,0.16808360516570647,-1.1270283569022395,-0.28505654628788724
119031667,18,59694,51,9556,-0.06710213866599818,-0.24378984780260388,-0.3032331434404143,-1.1270283569022395,-0.37931989600911137
119031667,18,59694,3,9556,-0.06710213866599818,-0.24378984780260388,-0.7300860478384105,-1.1270283569022395,-0.46469047688871057
119031667,18,59694,9,9556,-0.06710213866599818,-0.24378984780260388,-0.676729434788661,-1.1270283569022395,-0.4540191542787607
119031667,18,59694,57,9556,-0.06710213866599818,-0.24378984780260388,-0.2498765303906648,-1.1270283569022395,-0.36864857339916146
119031667,18,59694,5,9556,-0.06710213866599818,-0.24378984780260388,-0.7123005101551606,-1.1270283569022395,-0.4611333693520606
119031667,18,59694,40,9556,-0.06710213866599818,-0.24378984780260388,-0.40105360069828844,-1.1270283569022395,-0.3988839874606862
119041377,32,70651,11,12991,0.9738877963146223,0.9130158206734138,-0.6589438971054111,-0.39010910046356134,0.35626048558261625
119041377,32,70651,0,12991,0.9738877963146223,0.9130158206734138,-0.7567643543632853,-0.39010910046356134,0.33669639413104147
119041377,32,70651,39,12991,0.9738877963146223,0.9130158206734138,-0.40994636953991337,-0.39010910046356134,0.4060599910957159
119041377,32,70651,4,12991,0.9738877963146223,0.9130158206734138,-0.7211932789967855,-0.39010910046356134,0.34381060920434137
119041377,32,70651,292,12991,0.9738877963146223,0.9130158206734138,1.8399241473911914,-0.39010910046356134,0.8560340944819368
119041377,32,70651,40,12991,0.9738877963146223,0.9130158206734138,-0.40105360069828844,-0.39010910046356134,0.4078385448640408
119041377,32,70651,88,12991,0.9738877963146223,0.9130158206734138,0.02579930369970775,-0.39010910046356134,0.49320912574364006
119041377,32,70651,69,12991,0.9738877963146223,0.9130158206734138,-0.14316330429116575,-0.39010910046356134,0.45941660414546537
119041377,32,70651,123,12991,0.9738877963146223,0.9130158206734138,0.33704621315657995,-0.39010910046356134,0.5554585076350145
119041377,32,70651,13,12991,0.9738877963146223,0.9130158206734138,-0.6411583594221613,-0.39010910046356134,0.3598175931192662
119041377,32,70651,62,12991,0.9738877963146223,0.9130158206734138,-0.2054126861825402,-0.39010910046356134,0.4469667277671905
119041377,32,70651,170,12991,0.9738877963146223,0.9130158206734138,0.7550063487129512,-0.39010910046356134,0.6390505347462887
119041377,32,70651,190,12991,0.9738877963146223,0.9130158206734138,0.9328617255454497,-0.39010910046356134,0.6746216101127884
119041377,32,70651,79,12991,0.9738877963146223,0.9130158206734138,-0.054235615874916536,-0.39010910046356134,0.47720214182871523
119041377,32,70651,3,12991,0.9738877963146223,0.9130158206734138,-0.7300860478384105,-0.39010910046356134,0.34203205543601645
119041377,32,70651,21,12991,0.9738877963146223,0.9130158206734138,-0.5700162086891619,-0.39010910046356134,0.3740460232658661
119041377,32,70651,97,12991,0.9738877963146223,0.9130158206734138,0.10583422327433203,-0.39010910046356134,0.5092161096585649
119041377,32,70651,18,12991,0.9738877963146223,0.9130158206734138,-0.5966945152140367,-0.39010910046356134,0.36871036196089113
119041377,32,70651,68,12991,0.9738877963146223,0.9130158206734138,-0.15205607313279065,-0.39010910046356134,0.45763805037714034
119041378,17,65175,6,13117,-0.14145856259318537,0.3348769285884751,-0.7034077413135358,-0.3630780011007452,-0.15527163868426927
119041378,17,65175,0,13117,-0.14145856259318537,0.3348769285884751,-0.7567643543632853,-0.3630780011007452,-0.16594296129421918
119041378,17,65175,37,13117,-0.14145856259318537,0.3348769285884751,-0.4277319072231632,-0.3630780011007452,-0.10013647186619476
119041378,17,65175,7,13117,-0.14145856259318537,0.3348769285884751,-0.6945149724719109,-0.3630780011007452,-0.1534930849159443
119041378,17,65175,216,13117,-0.14145856259318537,0.3348769285884751,1.1640737154276974,-0.3630780011007452,0.21822465266397736
119041378,17,65175,52,13117,-0.14145856259318537,0.3348769285884751,-0.29434037459878937,-0.3630780011007452,-0.07345816534131999
119041378,17,65175,100,13117,-0.14145856259318537,0.3348769285884751,0.1325125297992068,-0.3630780011007452,0.011912415538279236
119041378,17,65175,93,13117,-0.14145856259318537,0.3348769285884751,0.07026314790783235,-0.3630780011007452,-0.000537460839995646
119041378,17,65175,178,13117,-0.14145856259318537,0.3348769285884751,0.8261484994459506,-0.3630780011007452,0.150639609467628
119041378,17,65175,9,13117,-0.14145856259318537,0.3348769285884751,-0.676729434788661,-0.3630780011007452,-0.14993597737929432
119041378,17,65175,61,13117,-0.14145856259318537,0.3348769285884751,-0.2143054550241651,-0.3630780011007452,-0.05745118142639514
119041378,17,65175,197,13117,-0.14145856259318537,0.3348769285884751,0.9951111074368241,-0.3630780011007452,0.18443213106580267
119041378,17,65175,222,13117,-0.14145856259318537,0.3348769285884751,1.217430328477447,-0.3630780011007452,0.22889597527392733
119041378,17,65175,97,13117,-0.14145856259318537,0.3348769285884751,0.10583422327433203,-0.3630780011007452,0.006576754233304283
119041378,17,65175,8,13117,-0.14145856259318537,0.3348769285884751,-0.6856222036302859,-0.3630780011007452,-0.15171453114761932
119041378,17,65175,21,13117,-0.14145856259318537,0.3348769285884751,-0.5700162086891619,-0.3630780011007452,-0.1285933321593945
119041378,17,65175,294,13117,-0.14145856259318537,0.3348769285884751,1.8577096850744412,-0.3630780011007452,0.3569518465933261
119041378,17,65175,17,13117,-0.14145856259318537,0.3348769285884751,-0.6055872840556616,-0.3630780011007452,-0.13570754723269446
119041378,17,65175,74,13117,-0.14145856259318537,0.3348769285884751,-0.09869946008304113,-0.3630780011007452,-0.03432998243817034
119041379,20,67006,3,16237,0.08161070918837618,0.5281881614970805,-0.7300860478384105,0.30626350693089255,0.09817515302413339
119041379,20,67006,0,16237,0.08161070918837618,0.5281881614970805,-0.7567643543632853,0.30626350693089255,0.09283949171915844
119041379,20,67006,48,16237,0.08161070918837618,0.5281881614970805,-0.3299114499652891,0.30626350693089255,0.17821007259875768
119041379,20,67006,3,16237,0.08161070918837618,0.5281881614970805,-0.7300860478384105,0.30626350693089255,0.09817515302413339
119041379,20,67006,269,16237,0.08161070918837618,0.5281881614970805,1.6353904640338182,0.30626350693089255,0.5712704553985792
119041379,20,67006,58,16237,0.08161070918837618,0.5281881614970805,-0.24098376154903986,0.30626350693089255,0.19599561028200752
119041379,20,67006,98,16237,0.08161070918837618,0.5281881614970805,0.11472699211595695,0.30626350693089255,0.26713776101500686
119041379,20,67006,52,16237,0.08161070918837618,0.5281881614970805,-0.29434037459878937,0.30626350693089255,0.1853242876720576
119041379,20,67006,220,16237,0.08161070918837618,0.5281881614970805,1.1996447907941972,0.30626350693089255,0.4841213207506549
119041379,20,67006,13,16237,0.08161070918837618,0.5281881614970805,-0.6411583594221613,0.30626350693089255,0.11596069070738323
119041379,20,67006,60,16237,0.08161070918837618,0.5281881614970805,-0.22319822386579002,0.30626350693089255,0.19955271781865747
119041379,20,67006,190,16237,0.08161070918837618,0.5281881614970805,0.9328617255454497,0.30626350693089255,0.4307647077009054
119041379,20,67006,186,16237,0.08161070918837618,0.5281881614970805,0.8972906501789499,0.30626350693089255,0.4236504926276055
119041379,20,67006,100,16237,0.08161070918837618,0.5281881614970805,0.1325125297992068,0.30626350693089255,0.27069486855165686
119041379,20,67006,7,16237,0.08161070918837618,0.5281881614970805,-0.6945149724719109,0.30626350693089255,0.10528936809743332
119041379,20,67006,19,16237,0.08161070918837618,0.5281881614970805,-0.5878017463724118,0.30626350693089255,0.12663201331733315
119041379,20,67006,94,16237,0.08161070918837618,0.5281881614970805,0.07915591674945727,0.30626350693089255,0.26002354594170696
119041379,20,67006,19,16237,0.08161070918837618,0.5281881614970805,-0.5878017463724118,0.30626350693089255,0.12663201331733315
119041379,20,67006,77,16237,0.08161070918837618,0.5281881614970805,-0.07202115355816638,0.30626350693089255,0.2297881318801822
119041380,18,72785,4,13909,-0.06710213866599818,1.138316842534126,-0.7211932789967855,-0.19316823367732947,0.13849210862561534
119041380,18,72785,3,13909,-0.06710213866599818,1.138316842534126,-0.7300860478384105,-0.19316823367732947,0.13671355485729034
119041380,18,72785,47,13909,-0.06710213866599818,1.138316842534126,-0.33880421880691397,-0.19316823367732947,0.21496992066358964
119041380,18,72785,4,13909,-0.06710213866599818,1.138316842534126,-0.7211932789967855,-0.19316823367732947,0.13849210862561534
119041380,18,72785,290,13909,-0.06710213866599818,1.138316842534126,1.8221386097079415,-0.19316823367732947,0.6471584863665608
119041380,18,72785,54,13909,-0.06710213866599818,1.138316842534126,-0.27655483691553956,-0.19316823367732947,0.22741979704186452
119041380,18,72785,85,13909,-0.06710213866599818,1.138316842534126,-0.000879002825167012,-0.19316823367732947,0.28255496385993906
119041380,18,72785,87,13909,-0.06710213866599818,1.138316842534126,0.016906534858082828,-0.19316823367732947,0.286112071396589
119041380,18,72785,188,13909,-0.06710213866599818,1.138316842534126,0.9150761878621998,-0.19316823367732947,0.46574600199741245
119041380,18,72785,20,13909,-0.06710213866599818,1.138316842534126,-0.5789089775307869,-0.19316823367732947,0.16694896891881508
119041380,18,72785,67,13909,-0.06710213866599818,1.138316842534126,-0.16094884197441559,-0.19316823367732947,0.25054099603008934
119041380,18,72785,197,13909,-0.06710213866599818,1.138316842534126,0.9951111074368241,-0.19316823367732947,0.4817529859123373
119041380,18,72785,213,13909,-0.06710213866599818,1.138316842534126,1.1373954089028229,-0.19316823367732947,0.510209846205537
119041380,18,72785,102,13909,-0.06710213866599818,1.138316842534126,0.15029806748245664,-0.19316823367732947,0.3127903779214638
119041380,18,72785,11,13909,-0.06710213866599818,1.138316842534126,-0.6589438971054111,-0.19316823367732947,0.15094198500389022
119041380,18,72785,31,13909,-0.06710213866599818,1.138316842534126,-0.4810885202729127,-0.19316823367732947,0.1865130603703899
119041380,18,72785,103,13909,-0.06710213866599818,1.138316842534126,0.15919083632408157,-0.19316823367732947,0.3145689316897888
119041380,18,72785,28,13909,-0.06710213866599818,1.138316842534126,-0.5077668267977875,-0.19316823367732947,0.18117739906541494
119041380,18,72785,93,13909,-0.06710213866599818,1.138316842534126,0.07026314790783235,-0.19316823367732947,0.2967833940065389
119041381,34,58230,4,19988,1.1226006441689966,-0.39835437264050566,-0.7211932789967855,1.1109750443112365,0.2952302345214375
119041381,34,58230,3,19988,1.1226006441689966,-0.39835437264050566,-0.7300860478384105,1.1109750443112365,0.29345168075311245
119041381,34,58230,58,19988,1.1226006441689966,-0.39835437264050566,-0.24098376154903986,1.1109750443112365,0.3912721380109866
119041381,34,58230,7,19988,1.1226006441689966,-0.39835437264050566,-0.6945149724719109,1.1109750443112365,0.30056589582641235
119041381,34,58230,335,19988,1.1226006441689966,-0.39835437264050566,2.222313207581063,1.1109750443112365,0.8839315318370072
119041381,34,58230,73,19988,1.1226006441689966,-0.39835437264050566,-0.10759222892466606,1.1109750443112365,0.41795044453586133
119041381,34,58230,165,19988,1.1226006441689966,-0.39835437264050566,0.7105425045048266,1.1109750443112365,0.5815773912217599
119041381,34,58230,139,19988,1.1226006441689966,-0.39835437264050566,0.4793305146225787,1.1109750443112365,0.5353349932453103
119041381,34,58230,352,19988,1.1226006441689966,-0.39835437264050566,2.3734902778886866,1.1109750443112365,0.914166945898532
119041381,34,58230,23,19988,1.1226006441689966,-0.39835437264050566,-0.552230671005912,1.1109750443112365,0.3290227561196121
119041381,34,58230,67,19988,1.1226006441689966,-0.39835437264050566,-0.16094884197441559,1.1109750443112365,0.4072791219259114
119041381,34,58230,305,19988,1.1226006441689966,-0.39835437264050566,1.9555301423323155,1.1109750443112365,0.8305749187872578
119041381,34,58230,285,19988,1.1226006441689966,-0.39835437264050566,1.777674765499817,1.1109750443112365,0.795003843420758
119041381,34,58230,168,19988,1.1226006441689966,-0.39835437264050566,0.7372208110297014,1.1109750443112365,0.5869130525267349
119041381,34,58230,22,19988,1.1226006441689966,-0.39835437264050566,-0.561123439847537,1.1109750443112365,0.32724420235128715
119041381,34,58230,44,19988,1.1226006441689966,-0.39835437264050566,-0.36548252533178877,1.1109750443112365,0.3663723852544368
119041381,34,58230,92,19988,1.1226006441689966,-0.39835437264050566,0.06137037906620743,1.1109750443112365,0.4517429661340361
119041381,34,58230,23,19988,1.1226006441689966,-0.39835437264050566,-0.552230671005912,1.1109750443112365,0.3290227561196121
119041381,34,58230,112,19988,1.1226006441689966,-0.39835437264050566,0.23922575589870584,1.1109750443112365,0.4873140415005357
119041382,39,76623,4,16669,1.4943827638049325,1.5435208359274777,-0.7211932789967855,0.3989415618891193,0.8469207364981897
119041382,39,76623,0,16669,1.4943827638049325,1.5435208359274777,-0.7567643543632853,0.3989415618891193,0.8398065214248898
119041382,39,76623,41,16669,1.4943827638049325,1.5435208359274777,-0.3921608318566635,0.3989415618891193,0.912727225926214
119041382,39,76623,6,16669,1.4943827638049325,1.5435208359274777,-0.7034077413135358,0.3989415618891193,0.8504778440348397
119041382,39,76623,333,16669,1.4943827638049325,1.5435208359274777,2.2045276698978133,0.3989415618891193,1.4320649262771095
119041382,39,76623,47,16669,1.4943827638049325,1.5435208359274777,-0.33880421880691397,0.3989415618891193,0.923398548536164
119041382,39,76623,108,16669,1.4943827638049325,1.5435208359274777,0.20365468053220617,0.3989415618891193,1.031890328403988
119041382,39,76623,84,16669,1.4943827638049325,1.5435208359274777,-0.009771771666791933,0.3989415618891193,0.9892050379641886
119041382,39,76623,172,16669,1.4943827638049325,1.5435208359274777,0.7727918863962011,0.3989415618891193,1.145717769576787
119041382,39,76623,13,16669,1.4943827638049325,1.5435208359274777,-0.6411583594221613,0.3989415618891193,0.8629277204131145
119041382,39,76623,94,16669,1.4943827638049325,1.5435208359274777,0.07915591674945727,0.3989415618891193,1.0069905756474382
119041382,39,76623,352,16669,1.4943827638049325,1.5435208359274777,2.3734902778886866,0.3989415618891193,1.4658574478752842
119041382,39,76623,248,16669,1.4943827638049325,1.5435208359274777,1.4486423183596948,0.3989415618891193,1.2808878559694858
119041382,39,76623,88,16669,1.4943827638049325,1.5435208359274777,0.02579930369970775,0.3989415618891193,0.9963192530374885
119041382,39,76623,6,16669,1.4943827638049325,1.5435208359274777,-0.7034077413135358,0.3989415618891193,0.8504778440348397
119041382,39,76623,30,16669,1.4943827638049325,1.5435208359274777,-0.48998128911453764,0.3989415618891193,0.8931631344746394
119041382,39,76623,127,16669,1.4943827638049325,1.5435208359274777,0.3726172885230796,0.3989415618891193,1.0656828500021627
119041382,39,76623,33,16669,1.4943827638049325,1.5435208359274777,-0.4633029825896629,0.3989415618891193,0.8984987957796142
119041382,39,76623,86,16669,1.4943827638049325,1.5435208359274777,0.008013766016457908,0.3989415618891193,0.9927621455008384
119041668,34,65129,0,16651,1.1226006441689966,0.3300203929719837,-0.7567643543632853,0.39507997626585983,0.363449435522809
119041668,34,65129,0,16651,1.1226006441689966,0.3300203929719837,-0.7567643543632853,0.39507997626585983,0.363449435522809
119041668,34,65129,69,16651,1.1226006441689966,0.3300203929719837,-0.14316330429116575,0.39507997626585983,0.4861696455372329
119041668,34,65129,7,16651,1.1226006441689966,0.3300203929719837,-0.6945149724719109,0.39507997626585983,0.3758993119010839
119041668,34,65129,363,16651,1.1226006441689966,0.3300203929719837,2.471310735146561,0.39507997626585983,1.0090644534247781
119041668,34,65129,69,16651,1.1226006441689966,0.3300203929719837,-0.14316330429116575,0.39507997626585983,0.4861696455372329
119041668,34,65129,123,16651,1.1226006441689966,0.3300203929719837,0.33704621315657995,0.39507997626585983,0.582211549026782
119041668,34,65129,68,16651,1.1226006441689966,0.3300203929719837,-0.15205607313279065,0.39507997626585983,0.4843910917689079
119041668,34,65129,239,16651,1.1226006441689966,0.3300203929719837,1.3686073987850707,0.39507997626585983,0.7885237861524801
119041668,34,65129,18,16651,1.1226006441689966,0.3300203929719837,-0.5966945152140367,0.39507997626585983,0.39546340335265867
119041668,34,65129,50,16651,1.1226006441689966,0.3300203929719837,-0.31212591228203923,0.39507997626585983,0.4523771239390582
119041668,34,65129,183,16651,1.1226006441689966,0.3300203929719837,0.8706123436540752,0.39507997626585983,0.688924775126281
119041668,34,65129,170,16651,1.1226006441689966,0.3300203929719837,0.7550063487129512,0.39507997626585983,0.6658035761380563
119041668,34,65129,85,16651,1.1226006441689966,0.3300203929719837,-0.000879002825167012,0.39507997626585983,0.5146265058304326
119041668,34,65129,9,16651,1.1226006441689966,0.3300203929719837,-0.676729434788661,0.39507997626585983,0.37945641943773384
119041668,34,65129,30,16651,1.1226006441689966,0.3300203929719837,-0.48998128911453764,0.39507997626585983,0.4168060485725585
119041668,34,65129,62,16651,1.1226006441689966,0.3300203929719837,-0.2054126861825402,0.39507997626585983,0.473719769158958
119041668,34,65129,27,16651,1.1226006441689966,0.3300203929719837,-0.5166595956394124,0.39507997626585983,0.41147038726758356
119041668,34,65129,95,16651,1.1226006441689966,0.3300203929719837,0.0880486855910822,0.39507997626585983,0.5324120435136824
119041669,18,65034,3,10161,-0.06710213866599818,0.3199905911553166,-0.7300860478384105,-0.9972361734537968,-0.26959790851164595
119041669,18,65034,0,10161,-0.06710213866599818,0.3199905911553166,-0.7567643543632853,-0.9972361734537968,-0.27493356981662087
119041669,18,65034,17,10161,-0.06710213866599818,0.3199905911553166,-0.6055872840556616,-0.9972361734537968,-0.24469815575509618
119041669,18,65034,4,10161,-0.06710213866599818,0.3199905911553166,-0.7211932789967855,-0.9972361734537968,-0.26781935474332097
119041669,18,65034,243,10161,-0.06710213866599818,0.3199905911553166,1.4041784741515704,-0.9972361734537968,0.15725499588635022
119041669,18,65034,26,10161,-0.06710213866599818,0.3199905911553166,-0.5255523644810374,-0.9972361734537968,-0.22869117184017132
119041669,18,65034,76,10161,-0.06710213866599818,0.3199905911553166,-0.0809139223997913,-0.9972361734537968,-0.13976348342392209
119041669,18,65034,35,10161,-0.06710213866599818,0.3199905911553166,-0.44551744490641304,-0.9972361734537968,-0.21268418792524646
119041669,18,65034,133,10161,-0.06710213866599818,0.3199905911553166,0.42597390157282916,-0.9972361734537968,-0.038385918629398
119041669,18,65034,6,10161,-0.06710213866599818,0.3199905911553166,-0.7034077413135358,-0.9972361734537968,-0.264262247206671
119041669,18,65034,28,10161,-0.06710213866599818,0.3199905911553166,-0.5077668267977875,-0.9972361734537968,-0.22513406430352134
119041669,18,65034,98,10161,-0.06710213866599818,0.3199905911553166,0.11472699211595695,-0.9972361734537968,-0.10063530052077245
119041669,18,65034,101,10161,-0.06710213866599818,0.3199905911553166,0.1414052986408317,-0.9972361734537968,-0.0952996392157975
119041669,18,65034,47,10161,-0.06710213866599818,0.3199905911553166,-0.33880421880691397,-0.9972361734537968,-0.19134154270534665
119041669,18,65034,6,10161,-0.06710213866599818,0.3199905911553166,-0.7034077413135358,-0.9972361734537968,-0.264262247206671
119041669,18,65034,12,10161,-0.06710213866599818,0.3199905911553166,-0.6500511282637862,-0.9972361734537968,-0.25359092459672106
119041669,18,65034,48,10161,-0.06710213866599818,0.3199905911553166,-0.3299114499652891,-0.9972361734537968,-0.18956298893702167
119041669,18,65034,18,10161,-0.06710213866599818,0.3199905911553166,-0.5966945152140367,-0.9972361734537968,-0.2429196019867712
119041669,18,65034,61,10161,-0.06710213866599818,0.3199905911553166,-0.2143054550241651,-0.9972361734537968,-0.16644178994879685
119041670,22,60838,5,15874,0.23032355704275054,-0.1230099185576861,-0.7123005101551606,0.228388196861827,-0.06458837111314739
119041670,22,60838,0,15874,0.23032355704275054,-0.1230099185576861,-0.7567643543632853,0.228388196861827,-0.07348113995477232
119041670,22,60838,30,15874,0.23032355704275054,-0.1230099185576861,-0.48998128911453764,0.228388196861827,-0.020124526905022803
119041670,22,60838,0,15874,0.23032355704275054,-0.1230099185576861,-0.7567643543632853,0.228388196861827,-0.07348113995477232
119041670,22,60838,229,15874,0.23032355704275054,-0.1230099185576861,1.2796797103688213,0.228388196861827,0.33380767299164904
119041670,22,60838,28,15874,0.23032355704275054,-0.1230099185576861,-0.5077668267977875,0.228388196861827,-0.023681634441672768
119041670,22,60838,77,15874,0.23032355704275054,-0.1230099185576861,-0.07202115355816638,0.228388196861827,0.06346750020625146
119041670,22,60838,20,15874,0.23032355704275054,-0.1230099185576861,-0.5789089775307869,0.228388196861827,-0.03791006458827264
119041670,22,60838,289,15874,0.23032355704275054,-0.1230099185576861,1.8132458408663166,0.228388196861827,0.44052089909114805
119041670,22,60838,18,15874,0.23032355704275054,-0.1230099185576861,-0.5966945152140367,0.228388196861827,-0.04146717212492262
119041670,22,60838,37,15874,0.23032355704275054,-0.1230099185576861,-0.4277319072231632,0.228388196861827,-0.007674650526747907
119041670,22,60838,112,15874,0.23032355704275054,-0.1230099185576861,0.23922575589870584,0.228388196861827,0.1257168820976259
119041670,22,60838,143,15874,0.23032355704275054,-0.1230099185576861,0.5149015899890784,0.228388196861827,0.18085204891570045
119041670,22,60838,80,15874,0.23032355704275054,-0.1230099185576861,-0.04534284703329162,0.228388196861827,0.06880316151122641
119041670,22,60838,6,15874,0.23032355704275054,-0.1230099185576861,-0.7034077413135358,0.228388196861827,-0.06280981734482241
119041670,22,60838,18,15874,0.23032355704275054,-0.1230099185576861,-0.5966945152140367,0.228388196861827,-0.04146717212492262
119041670,22,60838,57,15874,0.23032355704275054,-0.1230099185576861,-0.2498765303906648,0.228388196861827,0.02789642483975177
119041670,22,60838,15,15874,0.23032355704275054,-0.1230099185576861,-0.6233728217389114,0.228388196861827,-0.04680283342989756
119041670,22,60838,76,15874,0.23032355704275054,-0.1230099185576861,-0.0809139223997913,0.228388196861827,0.061688946437926474
119041671,4,65236,0,10861,-1.1080920736466187,0.3413171171233877,-0.7567643543632853,-0.8470633992159293,-0.5507980376728122
119041671,4,65236,0,10861,-1.1080920736466187,0.3413171171233877,-0.7567643543632853,-0.8470633992159293,-0.5507980376728122
119041671,4,65236,25,10861,-1.1080920736466187,0.3413171171233877,-0.5344451333226622,-0.8470633992159293,-0.5063341934646876
119041671,4,65236,0,10861,-1.1080920736466187,0.3413171171233877,-0.7567643543632853,-0.8470633992159293,-0.5507980376728122
119041671,4,65236,121,10861,-1.1080920736466187,0.3413171171233877,0.31926067547333015,-0.8470633992159293,-0.3355930317054891
119041671,4,65236,27,10861,-1.1080920736466187,0.3413171171233877,-0.5166595956394124,-0.8470633992159293,-0.5027770859280376
119041671,4,65236,56,10861,-1.1080920736466187,0.3413171171233877,-0.2587692992322897,-0.8470633992159293,-0.45119902664661304
119041671,4,65236,54,10861,-1.1080920736466187,0.3413171171233877,-0.27655483691553956,-0.8470633992159293,-0.45475613418326305
119041671,4,65236,120,10861,-1.1080920736466187,0.3413171171233877,0.3103679066317052,-0.8470633992159293,-0.3373715854738141
119041671,4,65236,6,10861,-1.1080920736466187,0.3413171171233877,-0.7034077413135358,-0.8470633992159293,-0.5401267150628623
119041671,4,65236,40,10861,-1.1080920736466187,0.3413171171233877,-0.40105360069828844,-0.8470633992159293,-0.4796558869398128
119041671,4,65236,117,10861,-1.1080920736466187,0.3413171171233877,0.2836896001068304,-0.8470633992159293,-0.34270724677878905
119041671,4,65236,139,10861,-1.1080920736466187,0.3413171171233877,0.4793305146225787,-0.8470633992159293,-0.3035790638756394
119041671,4,65236,56,10861,-1.1080920736466187,0.3413171171233877,-0.2587692992322897,-0.8470633992159293,-0.45119902664661304
119041671,4,65236,3,10861,-1.1080920736466187,0.3413171171233877,-0.7300860478384105,-0.8470633992159293,-0.5454623763678372
119041671,4,65236,8,10861,-1.1080920736466187,0.3413171171233877,-0.6856222036302859,-0.8470633992159293,-0.5365696075262123
119041671,4,65236,41,10861,-1.1080920736466187,0.3413171171233877,-0.3921608318566635,-0.8470633992159293,-0.47787733317148784
119041671,4,65236,11,10861,-1.1080920736466187,0.3413171171233877,-0.6589438971054111,-0.8470633992159293,-0.5312339462212373
119041671,4,65236,37,10861,-1.1080920736466187,0.3413171171233877,-0.4277319072231632,-0.8470633992159293,-0.48499154824478774
